catch_id,caught_at,user_id,user_name,area_id,area_name,fish_id,fish_name,size,lure,temperature,wind_direction,wind_speed,pressure,tide_level,tide_name,month_age
4632882,2023-05-27 09:50:00+09:00,605555,ショウジン,1150,有明西ふ頭公園,969,チヌ,40.0,ミジ団子,21.0,南,2.8,1024,141.9,小潮,7.5
4632849,2023-05-27 09:03:00+09:00,605555,ショウジン,1150,有明西ふ頭公園,969,チヌ,50.0,ミジ団子,21.0,南,2.8,1024,141.9,小潮,7.5
4631250,2023-05-27 01:27:00+09:00,249916,kan777(江戸前),1150,有明西ふ頭公園,2,シーバス,60.0,メタルバイブ30g,19.0,南,5.0,1023,136.2,小潮,7.5
4613259,2023-05-21 13:27:00+09:00,399853,もりたん,1150,有明西ふ頭公園,185,クロダイ,,ミジ貝,24.0,南南西,2.8,1008,16.2,大潮,1.5
4609421,2023-05-21 07:43:00+09:00,399853,もりたん,1150,有明西ふ頭公園,185,クロダイ,,ミジ貝,18.0,東北東,1.7,1010,152.4,大潮,1.5
4596730,2023-05-18 04:58:00+09:00,835354,40年ぶりのヘチ釣り,1150,有明西ふ頭公園,185,クロダイ,32.0,カニ,21.0,北北西,1.1,1015,181.8,大潮,27.9
4590915,2023-05-16 14:19:00+09:00,605555,ショウジン,1150,有明西ふ頭公園,185,クロダイ,46.0,ミジ団子,25.0,北北西,1.1,1011,153.0,中潮,25.9
4590793,2023-05-16 13:58:00+09:00,605555,ショウジン,1150,有明西ふ頭公園,185,クロダイ,50.0,ミジ団子,25.0,北北西,1.1,1011,130.8,中潮,25.9
4590755,2023-05-16 13:40:00+09:00,605555,ショウジン,1150,有明西ふ頭公園,185,クロダイ,39.0,ミジ団子,25.0,北北西,1.1,1011,130.8,中潮,25.9
4590726,2023-05-16 13:00:00+09:00,605555,ショウジン,1150,有明西ふ頭公園,975,キビレ,43.0,ミジ団子,25.0,北北西,1.1,1011,130.8,中潮,25.9
4577930,2023-05-13 09:58:00+09:00,605555,ショウジン,1150,有明西ふ頭公園,969,チヌ,,ミジ団子,18.0,南,4.2,1021,136.1,小潮,22.9
4577884,2023-05-13 09:34:00+09:00,605555,ショウジン,1150,有明西ふ頭公園,969,チヌ,43.0,ミジ団子,18.0,南,4.2,1021,136.1,小潮,22.9
4556586,2023-05-06 15:38:00+09:00,399853,もりたん,1150,有明西ふ頭公園,185,クロダイ,,イガイ,26.0,南南西,15.3,1004,117.5,大潮,15.9
4543750,2023-05-04 19:24:00+09:00,1050575,はるぼん,1150,有明西ふ頭公園,801,フッコ（ヒラスズキ）,20.0,,24.0,南,6.9,1017,143.1,大潮,13.9
4543375,2023-05-04 17:17:00+09:00,623637,泳がせはロマン,1150,有明西ふ頭公園,793,フッコ（マルスズキ）,46.0,,25.0,南,7.2,1018,182.8,大潮,13.9
4529650,2023-04-29 12:41:00+09:00,611927,のりくろ,1150,有明西ふ頭公園,793,フッコ（マルスズキ）,48.0,,23.0,南,9.4,1015,120.3,長潮,8.9
4529646,2023-04-29 07:41:00+09:00,611927,のりくろ,1150,有明西ふ頭公園,793,フッコ（マルスズキ）,45.0,,17.0,南南西,6.1,1018,118.6,長潮,8.9
4529641,2023-04-29 07:29:00+09:00,611927,のりくろ,1150,有明西ふ頭公園,793,フッコ（マルスズキ）,50.0,,17.0,南南西,6.1,1018,118.6,長潮,8.9
4511575,2023-04-28 08:21:00+09:00,605555,ショウジン,1150,有明西ふ頭公園,969,チヌ,47.0,イガイ団子,16.0,南西,1.9,1023,139.4,小潮,7.9
4477729,2023-04-17 16:39:00+09:00,605555,ショウジン,1150,有明西ふ頭公園,969,チヌ,45.0,イガイ団子,19.0,北北西,6.1,1012,170.4,中潮,26.4
4460162,2023-04-11 09:22:00+09:00,605555,ショウジン,1150,有明西ふ頭公園,969,チヌ,,カニ,18.0,南西,5.3,1019,159.1,中潮,20.4
4445934,2023-04-06 04:40:00+09:00,835354,40年ぶりのヘチ釣り,1150,有明西ふ頭公園,185,クロダイ,30.0,アオイソメ,17.0,南南西,10.0,1018,173.2,大潮,15.4
4441061,2023-04-04 16:05:00+09:00,605555,ショウジン,1150,有明西ふ頭公園,969,チヌ,40.5,カニ,20.0,南南東,2.8,1023,170.9,大潮,13.4
4355202,2023-03-04 18:34:00+09:00,855287,ざわめき,1150,有明西ふ頭公園,370,マハゼ,,,15.0,南東,2.8,1024,113.4,中潮,11.8
4284450,2023-01-28 22:41:00+09:00,295169,martin0318,1150,有明西ふ頭公園,164,クロメバル,10.0,,5.0,北,2.2,1011,135.5,小潮,6.3
4283508,2023-01-28 08:28:00+09:00,855287,ざわめき,1150,有明西ふ頭公園,751,モクズガニ,20.0,,3.0,北北西,6.7,1007,121.2,小潮,6.3
4225661,2023-01-03 19:22:00+09:00,891614,kiryuたまご,1150,有明西ふ頭公園,2,シーバス,20.0,青イソメ,8.0,南南西,2.2,1018,58.7,中潮,10.7
4196715,2022-12-23 10:52:00+09:00,432639,クロダイ釣りたい,1150,有明西ふ頭公園,185,クロダイ,45.0,,5.0,西南西,7.5,997,112.7,大潮,29.2
4192806,2022-12-20 16:43:00+09:00,281496,サジサン,1150,有明西ふ頭公園,2,シーバス,50.0,ニンジャリ,12.0,西,0.8,1021,146.4,中潮,26.2
4141766,2022-12-03 07:08:00+09:00,986808,釣り初心者のお父ちゃん,1150,有明西ふ頭公園,539,カタクチイワシ,,,9.0,北,3.9,1027,82.3,長潮,9.2
4127848,2022-11-27 15:30:00+09:00,976310,彩と桃,1150,有明西ふ頭公園,539,カタクチイワシ,,SHIMANO,18.0,北,3.6,1018,141.6,中潮,3.2
4116215,2022-11-25 23:32:00+09:00,489372,釣りは良いよね,1150,有明西ふ頭公園,796,セイゴ（マルスズキ）,,ジョルティミニ14g,16.0,南南東,4.7,1022,1.5,大潮,1.2
4095578,2022-11-20 12:05:00+09:00,587131,月6アングラーZ4,1150,有明西ふ頭公園,2,シーバス,,,13.0,北,5.0,1024,146.0,中潮,25.7
4093561,2022-11-20 00:10:00+09:00,362043,TK_angler,1150,有明西ふ頭公園,2,シーバス,38.5,DAIWA,14.0,東北東,2.8,1025,130.5,中潮,25.7
4078565,2022-11-15 20:20:00+09:00,326679,渋谷のベランダ日和,1150,有明西ふ頭公園,2,シーバス,56.0,バイブ  シュナイダー - ブルピン,13.0,北,4.4,1011,153.3,小潮,20.7
4043428,2022-11-08 07:31:00+09:00,911963,釣りの介,1150,有明西ふ頭公園,576,サッパ,10.0,,14.0,北北西,4.4,1018,159.9,大潮,13.7
4008751,2022-11-01 11:52:00+09:00,605555,ショウジン,1150,有明西ふ頭公園,969,チヌ,38.0,フジツボ,16.0,北,4.7,1025,160.7,小潮,6.7
3972966,2022-10-24 03:49:00+09:00,956122,1030yuya,1150,有明西ふ頭公園,185,クロダイ,30.0,,17.0,北東,6.1,1011,181.5,大潮,28.2
3957420,2022-10-21 19:52:00+09:00,326679,渋谷のベランダ日和,1150,有明西ふ頭公園,796,セイゴ（マルスズキ）,,ローリングベイト - コノシロ,24.0,南南西,7.5,1024,120.4,若潮,25.2
3957399,2022-10-21 19:32:00+09:00,326679,渋谷のベランダ日和,1150,有明西ふ頭公園,796,セイゴ（マルスズキ）,48.0,ローリングベイト - コノシロ,24.0,南南西,7.5,1024,120.4,若潮,25.2
3957370,2022-10-21 19:21:00+09:00,326679,渋谷のベランダ日和,1150,有明西ふ頭公園,793,フッコ（マルスズキ）,60.0,ローリングベイト - コノシロ,24.0,南南西,7.5,1024,120.4,若潮,25.2
3945027,2022-10-18 10:41:00+09:00,605555,ショウジン,1150,有明西ふ頭公園,969,チヌ,40.5,フジツボ,17.0,北東,5.6,1012,136.7,小潮,22.2
3921708,2022-10-14 20:54:00+09:00,326679,渋谷のベランダ日和,1150,有明西ふ頭公園,20,ソイ,25.0,Flash J - マイワシシルバー1.5in,19.0,北,5.3,1018,176.7,中潮,18.2
3921685,2022-10-14 20:54:00+09:00,326679,渋谷のベランダ日和,1150,有明西ふ頭公園,2,シーバス,20.0,Flash J - マイワシシルバー1.5in,19.0,北,5.3,1018,176.7,中潮,18.2
3918239,2022-10-13 20:41:00+09:00,532220,きよさく,1150,有明西ふ頭公園,793,フッコ（マルスズキ）,50.0,ゼッパー80,18.0,北,6.1,1023,171.8,中潮,17.2
3903690,2022-10-10 14:14:00+09:00,605555,ショウジン,1150,有明西ふ頭公園,969,チヌ,30.0,カニ,27.0,南南西,9.7,1008,109.6,大潮,14.2
3870798,2022-10-03 12:12:00+09:00,605555,ショウジン,1150,有明西ふ頭公園,969,チヌ,39.0,フジツボ,27.0,南南東,1.1,1021,156.1,小潮,7.2
3848806,2022-09-30 16:10:00+09:00,939911,アングラータカシ,1150,有明西ふ頭公園,185,クロダイ,51.0,,30.0,東,4.2,1015,145.1,中潮,4.2
3842784,2022-09-28 15:45:00+09:00,939911,アングラータカシ,1150,有明西ふ頭公園,185,クロダイ,31.0,,28.0,北,2.2,1007,128.0,中潮,2.2
3835207,2022-09-27 15:27:00+09:00,605555,ショウジン,1150,有明西ふ頭公園,969,チヌ,29.0,フジツボ,28.0,東,5.8,1012,124.7,大潮,1.2
3835189,2022-09-27 15:01:00+09:00,605555,ショウジン,1150,有明西ふ頭公園,969,チヌ,30.0,フジツボ,28.0,東,5.8,1012,124.7,大潮,1.2
3835174,2022-09-27 14:33:00+09:00,605555,ショウジン,1150,有明西ふ頭公園,969,チヌ,43.0,フジツボ,30.0,東北東,2.8,1014,85.2,大潮,1.2
3857848,2022-09-25 16:00:00+09:00,840742,アングラー54704507,1150,有明西ふ頭公園,38,イワシ,,,27.0,東北東,4.2,1016,192.3,大潮,28.8
3841028,2022-09-25 04:50:00+09:00,716346,しん(pesu034),1150,有明西ふ頭公園,28,ボラ,48.0,アオイソメ,23.0,北東,5.6,1014,196.3,大潮,28.8
3781741,2022-09-16 11:06:00+09:00,605555,ショウジン,1150,有明西ふ頭公園,969,チヌ,39.0,フジツボ,25.0,東,2.5,1016,148.5,中潮,19.8
3765821,2022-09-12 13:52:00+09:00,605555,ショウジン,1150,有明西ふ頭公園,969,チヌ,30.0,カニ,29.0,北東,4.7,1015,41.7,大潮,15.8
3730698,2022-09-05 13:35:00+09:00,605555,ショウジン,1150,有明西ふ頭公園,969,チヌ,30.0,フジツボ,30.0,東南東,2.2,1015,153.2,長潮,8.8
3730691,2022-09-05 12:52:00+09:00,605555,ショウジン,1150,有明西ふ頭公園,969,チヌ,47.0,フジツボ,30.0,東南東,2.2,1015,145.0,長潮,8.8
3699615,2022-08-29 17:06:00+09:00,417386,mistral08 ,1150,有明西ふ頭公園,969,チヌ,35.0,,27.0,東,5.8,1017,184.2,中潮,1.8
3670111,2022-08-23 14:13:00+09:00,605555,ショウジン,1150,有明西ふ頭公園,969,チヌ,25.0,フジツボ,31.0,南南西,5.8,1005,141.6,若潮,25.4
3598165,2022-08-08 15:10:00+09:00,605555,ショウジン,1150,有明西ふ頭公園,969,チヌ,46.0,イガイ,35.0,南南西,9.7,1010,168.1,若潮,10.4
3585196,2022-08-06 11:45:00+09:00,605555,ショウジン,1150,有明西ふ頭公園,28,ボラ,,,25.0,南東,1.7,1011,149.9,小潮,8.4
3580071,2022-08-05 12:24:00+09:00,605555,ショウジン,1150,有明西ふ頭公園,969,チヌ,36.0,イガイ,27.0,東北東,4.2,1008,145.5,小潮,7.4
3504807,2022-07-18 16:14:00+09:00,605555,ショウジン,1150,有明西ふ頭公園,969,チヌ,49.5,イガイ,32.0,南,3.6,1003,58.2,中潮,19.0
3614384,2022-07-18 08:30:00+09:00,815665,アサマズメ,1150,有明西ふ頭公園,575,コノシロ,27.0,,26.0,北北西,1.9,1003,188.7,中潮,19.0
3470104,2022-07-10 16:57:00+09:00,872221,電車で限界突破×アングラー,1150,有明西ふ頭公園,575,コノシロ,18.0,,32.0,南,7.2,1005,168.1,中潮,11.0
3465125,2022-07-10 06:00:00+09:00,877378,ゴンチチ,1150,有明西ふ頭公園,539,カタクチイワシ,,,25.0,南南西,5.6,1006,71.5,中潮,11.0
3516979,2022-07-03 13:08:00+09:00,891614,kiryuたまご,1150,有明西ふ頭公園,658,ギマ,,,34.0,南,6.7,1010,32.9,中潮,4.0
3424619,2022-07-01 18:34:00+09:00,617854,なかなか釣れんなぁ…,1150,有明西ふ頭公園,576,サッパ,15.0,,31.0,南,7.2,1014,178.7,中潮,2.0
3398928,2022-06-26 06:00:00+09:00,877378,ゴンチチ,1150,有明西ふ頭公園,539,カタクチイワシ,,,27.0,南西,3.9,1013,104.9,中潮,26.6
3383281,2022-06-22 12:59:00+09:00,417386,mistral08 ,1150,有明西ふ頭公園,969,チヌ,40.0,,27.0,東南東,1.7,1009,142.1,小潮,22.6
3383276,2022-06-22 12:37:00+09:00,417386,mistral08 ,1150,有明西ふ頭公園,969,チヌ,,,27.0,東南東,1.7,1009,142.1,小潮,22.6
3371116,2022-06-19 18:10:00+09:00,529016,mgnkt,1150,有明西ふ頭公園,576,サッパ,,,27.0,南,7.5,1006,101.2,中潮,19.6
3371793,2022-06-19 16:16:00+09:00,443513,魚座マン,1150,有明西ふ頭公園,576,サッパ,,,29.0,南,7.5,1007,46.7,中潮,19.6
3384114,2022-06-19 05:30:00+09:00,877378,ゴンチチ,1150,有明西ふ頭公園,576,サッパ,,,22.0,南南西,4.7,1010,178.1,中潮,19.6
3358465,2022-06-17 17:30:00+09:00,779412,Chili Bomber,1150,有明西ふ頭公園,185,クロダイ,,,29.0,南,4.4,1009,104.0,中潮,17.6
3360315,2022-06-16 18:30:00+09:00,302183,JACCARA,1150,有明西ふ頭公園,185,クロダイ,45.0,,23.0,南,2.5,1008,182.0,中潮,16.6
3344297,2022-06-14 14:18:00+09:00,605555,ショウジン,1150,有明西ふ頭公園,969,チヌ,36.5,カニ,19.0,東北東,5.3,1019,68.5,大潮,14.6
3335903,2022-06-12 17:40:00+09:00,529016,mgnkt,1150,有明西ふ頭公園,575,コノシロ,,,24.0,東北東,2.8,1006,179.5,大潮,12.6
3335409,2022-06-12 16:02:00+09:00,716346,しん(pesu034),1150,有明西ふ頭公園,2,シーバス,43.0,アオイソメ,23.0,北東,2.8,1006,185.4,大潮,12.6
3317509,2022-06-09 12:48:00+09:00,605555,ショウジン,1150,有明西ふ頭公園,969,チヌ,49.0,カニ,21.0,北東,2.2,1016,140.3,若潮,9.6
3278501,2022-06-01 19:48:00+09:00,723113,417,1150,有明西ふ頭公園,2,シーバス,,,25.0,南,6.7,1008,182.8,中潮,1.6
3271941,2022-05-31 15:08:00+09:00,605555,ショウジン,1150,有明西ふ頭公園,969,チヌ,36.0,カニ,20.0,北西,1.7,1004,86.0,大潮,0.6
3262376,2022-05-29 14:57:00+09:00,444919,ゴッツ坊主,1150,有明西ふ頭公園,975,キビレ,40.0,,29.0,南南西,5.3,1005,119.1,大潮,28.3
3225565,2022-05-21 18:10:00+09:00,559138,skyway716,1150,有明西ふ頭公園,1245,イシモチ,28.0,,19.0,南南西,4.2,1010,76.6,中潮,20.3
3225472,2022-05-21 16:55:00+09:00,559138,skyway716,1150,有明西ふ頭公園,575,コノシロ,26.0,Teppan Vib 9g,20.0,南,5.0,1011,31.7,中潮,20.3
3245955,2022-05-21 08:33:00+09:00,404198,つかかず,1150,有明西ふ頭公園,539,カタクチイワシ,,,19.0,南南東,1.4,1014,169.5,中潮,20.3
3582087,2022-05-17 20:32:00+09:00,619140,湘南アングラーー,1150,有明西ふ頭公園,808,フッコ（タイリクスズキ）,52.0,アルデンテ,19.0,東,3.1,1019,181.0,大潮,16.3
3196509,2022-05-15 15:19:00+09:00,840742,アングラー54704507,1150,有明西ふ頭公園,57,サヨリ,32.0,,19.0,東南東,4.2,1010,160.2,大潮,14.3
3188425,2022-05-14 15:27:00+09:00,444919,ゴッツ坊主,1150,有明西ふ頭公園,1245,イシモチ,30.0,,24.0,西南西,1.1,1002,173.5,大潮,13.3
3582098,2022-05-10 20:52:00+09:00,619140,湘南アングラーー,1150,有明西ふ頭公園,98,タイリクスズキ,61.0,ヤルキスティック,17.0,北東,6.1,1021,72.5,長潮,9.3
3136911,2022-05-03 17:30:00+09:00,388691,one oku Flavor,1150,有明西ふ頭公園,539,カタクチイワシ,7.0,,18.0,南,7.2,1018,170.2,中潮,2.3
3126339,2022-05-02 17:31:00+09:00,444919,ゴッツ坊主,1150,有明西ふ頭公園,1245,イシモチ,30.0,,16.0,南,5.6,1009,171.0,大潮,1.3
3118438,2022-05-01 07:51:00+09:00,405259,チャリで来た釣り人,1150,有明西ふ頭公園,539,カタクチイワシ,,,13.0,南東,2.5,1016,160.7,大潮,0.3
3117789,2022-05-01 03:39:00+09:00,249916,kan777(江戸前),1150,有明西ふ頭公園,2,シーバス,53.0,フィール - ピンク,12.0,南東,3.6,1017,161.6,大潮,0.3
3106780,2022-04-28 19:46:00+09:00,723113,417,1150,有明西ふ頭公園,1245,イシモチ,,,18.0,東,4.4,1019,109.8,中潮,26.9
3103837,2022-04-27 23:14:00+09:00,249916,kan777(江戸前),1150,有明西ふ頭公園,2,シーバス,40.0,フィール - ピンク,20.0,東北東,6.7,1013,72.5,中潮,25.9
3073307,2022-04-22 21:06:00+09:00,723113,417,1150,有明西ふ頭公園,1245,イシモチ,,,20.0,南南東,2.2,1010,139.7,小潮,20.9
3192801,2022-04-17 06:11:00+09:00,400336,ハルタロウ,1150,有明西ふ頭公園,539,カタクチイワシ,,,11.0,東,2.2,1019,181.4,大潮,15.9
2966761,2022-03-01 18:43:00+09:00,326679,渋谷のベランダ日和,1150,有明西ふ頭公園,2,シーバス,49.0,スーサン - キャンデーグロー,15.0,北西,4.4,1008,143.5,大潮,27.9
3192796,2021-12-12 06:59:00+09:00,400336,ハルタロウ,1150,有明西ふ頭公園,22,サバ,,,12.0,南西,1.7,1018,78.0,小潮,7.8
2820659,2021-11-27 16:03:00+09:00,404198,つかかず,1150,有明西ふ頭公園,539,カタクチイワシ,,,14.0,北北西,9.2,1022,127.2,小潮,22.2
2803294,2021-11-20 17:47:00+09:00,589566,アカエイこわい,1150,有明西ふ頭公園,18,タチウオ,110.0,Grassminnow  - ミッドナイトグロウ,17.0,東北東,6.7,1019,194.2,大潮,15.2
2781767,2021-11-13 17:47:00+09:00,850092,てるさん,1150,有明西ふ頭公園,185,クロダイ,40.0,クレイジーフラッパー - グリーンパンプキンペッパー,20.0,南,1.9,1018,131.7,小潮,8.2
2775896,2021-11-12 00:03:00+09:00,850092,てるさん,1150,有明西ふ頭公園,185,クロダイ,40.0,クレイジーフラッパー - グリーンパンプキンペッパー,16.0,西南西,0.8,1008,115.3,小潮,7.2
2775890,2021-11-11 23:43:00+09:00,850092,てるさん,1150,有明西ふ頭公園,185,クロダイ,32.0,クレイジーフラッパー - グリーンパンプキンペッパー,17.0,南西,5.6,1005,132.1,小潮,6.2
2774098,2021-11-10 22:06:00+09:00,850092,てるさん,1150,有明西ふ頭公園,185,クロダイ,41.0,RVバグ3.0 - ザリガニ,17.0,南西,7.8,1004,139.5,中潮,5.2
2772751,2021-11-10 07:12:00+09:00,850092,てるさん,1150,有明西ふ頭公園,185,クロダイ,42.0,ドライブクロー - グリーンパンプキンペッパー,17.0,南南西,0.8,999,153.2,中潮,5.2
2770964,2021-11-09 05:20:00+09:00,850092,てるさん,1150,有明西ふ頭公園,185,クロダイ,20.0,クレイジーフラッパー - グリーンパンプキンペッパー,18.0,北北西,2.5,1015,101.5,中潮,4.2
2771330,2021-11-09 03:09:00+09:00,326679,渋谷のベランダ日和,1150,有明西ふ頭公園,2,シーバス,37.0,コノシロ,17.0,東,1.7,1014,33.4,中潮,4.2
2768388,2021-11-07 21:39:00+09:00,675731,ゲン　,1150,有明西ふ頭公園,185,クロダイ,20.0,,18.0,東南東,2.8,1028,111.3,中潮,2.2
2767072,2021-11-07 18:27:00+09:00,850092,てるさん,1150,有明西ふ頭公園,185,クロダイ,39.0,クレイジーフラッパー - グリーンパンプキンペッパー,19.0,東北東,6.1,1025,205.5,中潮,2.2
2767044,2021-11-07 17:59:00+09:00,850092,てるさん,1150,有明西ふ頭公園,185,クロダイ,37.0,クレイジーフラッパー - グリーンパンプキンペッパー,20.0,東北東,5.3,1023,201.4,中潮,2.2
2767036,2021-11-07 17:46:00+09:00,850092,てるさん,1150,有明西ふ頭公園,185,クロダイ,36.0,クレイジーフラッパー - グリーンパンプキンペッパー,20.0,東北東,5.3,1023,201.4,中潮,2.2
2767019,2021-11-07 17:26:00+09:00,850092,てるさん,1150,有明西ふ頭公園,185,クロダイ,37.0,クレイジーフラッパー - グリーンパンプキンペッパー,20.0,東北東,5.3,1023,201.4,中潮,2.2
2767000,2021-11-07 17:16:00+09:00,850092,てるさん,1150,有明西ふ頭公園,185,クロダイ,36.0,クレイジーフラッパー - グリーンパンプキンペッパー,20.0,東北東,5.3,1023,201.4,中潮,2.2
2766963,2021-11-07 17:03:00+09:00,850092,てるさん,1150,有明西ふ頭公園,185,クロダイ,37.0,クレイジーフラッパー - グリーンパンプキンペッパー,20.0,東北東,5.3,1023,201.4,中潮,2.2
2762439,2021-11-06 19:08:00+09:00,330351,アンぐらあ,1150,有明西ふ頭公園,18,タチウオ,130.0,SHORELINE SHINER Z SETUPPER125S - ホロキビナゴ,17.0,東,5.6,1022,190.6,大潮,1.2
2755930,2021-11-05 05:50:00+09:00,544815,Sa0501 ,1150,有明西ふ頭公園,2,シーバス,35.0,,16.0,北,2.5,1016,208.9,大潮,0.2
2755130,2021-11-04 18:46:00+09:00,326679,渋谷のベランダ日和,1150,有明西ふ頭公園,2,シーバス,39.0,スイッチヒッター85S - レザーキャンディ,20.0,東南東,3.1,1015,173.0,大潮,28.7
2753085,2021-11-03 21:49:00+09:00,675731,ゲン　,1150,有明西ふ頭公園,185,クロダイ,25.0,,18.0,東南東,2.5,1014,49.8,大潮,27.7
2751782,2021-11-03 17:41:00+09:00,703768,左衛門佐SAEMONNOSUKE,1150,有明西ふ頭公園,575,コノシロ,20.0,,23.0,北,2.2,1011,185.0,大潮,27.7
2752955,2021-11-03 16:30:00+09:00,423343,鮒　OFTC平部員,1150,有明西ふ頭公園,576,サッパ,,,20.0,東,1.4,1013,196.8,大潮,27.7
2750779,2021-11-03 15:30:00+09:00,529016,mgnkt,1150,有明西ふ頭公園,575,コノシロ,,,23.0,北,2.2,1011,191.8,大潮,27.7
2751144,2021-11-03 15:00:00+09:00,414696, noronoro,1150,有明西ふ頭公園,576,サッパ,,,23.0,北,2.2,1011,191.8,大潮,27.7
2749930,2021-11-03 05:50:00+09:00,423832,ジョルティン,1150,有明西ふ頭公園,2,シーバス,54.0,ジグヘッド - チャート系,17.0,北北東,3.3,1013,175.0,大潮,27.7
2752458,2021-11-03 05:38:00+09:00,514978,ウォッカ,1150,有明西ふ頭公園,2,シーバス,35.0,セットアッパー125S-DR - ゴールドキャンディ,17.0,北北東,3.3,1013,187.4,大潮,27.7
2745456,2021-11-02 04:59:00+09:00,281496,サジサン,1150,有明西ふ頭公園,2,シーバス,35.0,スネコン90S - ブルーブルー,17.0,北,4.2,1017,164.1,中潮,26.7
2745050,2021-11-01 22:56:00+09:00,675731,ゲン　,1150,有明西ふ頭公園,14,カサゴ,18.0,,18.0,東北東,3.3,1023,88.6,中潮,25.7
2743591,2021-11-01 15:45:00+09:00,417386,mistral08 ,1150,有明西ふ頭公園,969,チヌ,35.0,,20.0,北東,3.3,1019,178.5,中潮,25.7
2746663,2021-10-31 19:10:00+09:00,703768,左衛門佐SAEMONNOSUKE,1150,有明西ふ頭公園,22,サバ,22.0,,20.0,南,2.5,1023,117.0,若潮,24.7
2740777,2021-10-31 16:16:00+09:00,281496,サジサン,1150,有明西ふ頭公園,2,シーバス,92.0,スネコン90S - ブルーブルー,20.0,南南東,1.7,1023,158.6,若潮,24.7
2729516,2021-10-28 17:05:00+09:00,536441,伊太図良屋　番長【Twitter】佐野,1150,有明西ふ頭公園,22,サバ,25.0,,23.0,北東,2.8,1014,145.4,小潮,21.7
2725177,2021-10-26 20:09:00+09:00,475614,釣り部【エセ】,1150,有明西ふ頭公園,18,タチウオ,121.0,,18.0,北東,4.2,1015,167.9,中潮,19.7
2680756,2021-10-12 00:20:00+09:00,326679,渋谷のベランダ日和,1150,有明西ふ頭公園,575,コノシロ,14.0,タイドミノースリム140,24.0,東,2.8,1019,72.9,小潮,5.7
2751848,2021-10-10 21:04:00+09:00,703768,左衛門佐SAEMONNOSUKE,1150,有明西ふ頭公園,22,サバ,23.0,,23.0,南,3.9,1022,157.0,中潮,3.7
2675823,2021-10-10 13:00:00+09:00,414696, noronoro,1150,有明西ふ頭公園,22,サバ,,,25.0,南南東,1.9,1024,98.0,中潮,3.7
2660274,2021-10-06 21:13:00+09:00,326679,渋谷のベランダ日和,1150,有明西ふ頭公園,28,ボラ,18.0,スーサン - キャンディグロー,21.0,東北東,5.3,1021,90.7,大潮,29.1
2657200,2021-10-05 21:18:00+09:00,429227,ニャス子,1150,有明西ふ頭公園,576,サッパ,,メタルガレージ,25.0,南南西,5.3,1018,87.0,大潮,28.1
2657271,2021-10-05 20:40:00+09:00,326679,渋谷のベランダ日和,1150,有明西ふ頭公園,22,サバ,25.0,GRASSMINNOW - ミッドナイトグロウ,27.0,南,6.4,1018,119.3,大潮,28.1
2645819,2021-10-03 06:37:00+09:00,326679,渋谷のベランダ日和,1150,有明西ふ頭公園,22,サバ,24.0,小さなジグ - 赤キン,20.0,北,4.4,1020,100.3,中潮,26.1
2646288,2021-10-03 05:30:00+09:00,548920,アングラー8779794,1150,有明西ふ頭公園,22,サバ,24.0,,21.0,北北西,4.2,1017,126.7,中潮,26.1
2646498,2021-10-02 17:27:00+09:00,330351,アンぐらあ,1150,有明西ふ頭公園,22,サバ,20.0,METAL GARAGE PLATE VIB 10g - コノシロ,32.0,西,2.8,1008,168.9,若潮,25.1
2643849,2021-10-02 17:08:00+09:00,529016,mgnkt,1150,有明西ふ頭公園,576,サッパ,,,26.0,南,5.8,1009,164.8,若潮,25.1
2638700,2021-09-30 21:23:00+09:00,326679,渋谷のベランダ日和,1150,有明西ふ頭公園,2,シーバス,46.0,GRASSMINNOW - ミッドナイトグロウ,24.0,南東,4.7,1009,148.4,小潮,23.1
2656019,2021-09-29 23:27:00+09:00,675731,ゲン　,1150,有明西ふ頭公園,576,サッパ,10.0,,23.0,南南東,3.9,1015,140.6,小潮,22.1
2656027,2021-09-29 22:13:00+09:00,675731,ゲン　,1150,有明西ふ頭公園,22,サバ,25.0,,23.0,南南東,3.9,1015,152.1,小潮,22.1
2629843,2021-09-27 15:18:00+09:00,559138,skyway716,1150,有明西ふ頭公園,456,マサバ,24.0,ベイソールミノー - ライムミント,25.0,北東,6.1,1016,121.3,中潮,20.1
2622499,2021-09-25 23:20:00+09:00,420526,KYOTA,1150,有明西ふ頭公園,969,チヌ,,,22.0,北東,6.9,1023,91.4,中潮,18.1
2626534,2021-09-25 17:28:00+09:00,559138,skyway716,1150,有明西ふ頭公園,2,シーバス,32.0,,22.0,北東,6.9,1023,91.4,中潮,18.1
2620008,2021-09-24 20:32:00+09:00,326679,渋谷のベランダ日和,1150,有明西ふ頭公園,969,チヌ,23.0,ミニエント - ボトムフィッシュ57s,27.0,南東,5.0,1017,182.6,中潮,17.1
2918768,2021-09-23 16:48:00+09:00,716396,釣り初心者のコイズミ,1150,有明西ふ頭公園,576,サッパ,,,28.0,南南東,2.8,1011,164.1,大潮,16.1
2611560,2021-09-23 16:20:00+09:00,442140,夢釣夜,1150,有明西ふ頭公園,207,コショウダイ,9.0,,28.0,南南東,2.8,1011,164.1,大潮,16.1
2611462,2021-09-23 15:14:00+09:00,662762,アングラー8235726,1150,有明西ふ頭公園,576,サッパ,,,33.0,南南東,3.6,1010,127.9,大潮,16.1
2607774,2021-09-23 10:13:00+09:00,404198,つかかず,1150,有明西ふ頭公園,22,サバ,,,27.0,北北西,2.2,1012,98.9,大潮,16.1
2597466,2021-09-20 15:00:00+09:00,528687,ひろキング🎣,1150,有明西ふ頭公園,576,サッパ,,,30.0,東北東,6.4,1016,190.8,大潮,13.1
2596290,2021-09-20 14:15:00+09:00,414696, noronoro,1150,有明西ふ頭公園,576,サッパ,,,28.0,北東,5.3,1016,125.3,大潮,13.1
2597193,2021-09-20 07:00:00+09:00,589938,T K K,1150,有明西ふ頭公園,576,サッパ,10.0,,21.0,北東,3.6,1017,133.7,大潮,13.1
2597172,2021-09-20 05:00:00+09:00,589938,T K K,1150,有明西ふ頭公園,22,サバ,20.0,,21.0,北北東,3.3,1016,190.1,大潮,13.1
2597118,2021-09-20 00:00:00+09:00,589938,T K K,1150,有明西ふ頭公園,22,サバ,20.0,,22.0,北北東,3.9,1016,110.5,大潮,13.1
2592979,2021-09-19 19:43:00+09:00,442140,夢釣夜,1150,有明西ふ頭公園,22,サバ,18.0,,27.0,東北東,7.2,1014,161.9,中潮,12.1
2589208,2021-09-19 08:36:00+09:00,616711,mashi511,1150,有明西ふ頭公園,22,サバ,,,23.0,北北東,5.8,1011,71.5,中潮,12.1
2857694,2021-09-18 15:12:00+09:00,587131,月6アングラーZ4,1150,有明西ふ頭公園,22,サバ,28.0,,26.0,南,14.2,1001,173.5,中潮,11.1
2583787,2021-09-17 14:15:00+09:00,417386,mistral08 ,1150,有明西ふ頭公園,969,チヌ,51.5,,22.0,南南西,0.8,1016,166.3,若潮,10.1
2578766,2021-09-15 18:43:00+09:00,608414,ゲコ太,1150,有明西ふ頭公園,185,クロダイ,,,26.0,東北東,6.4,1014,151.9,小潮,8.1
2578565,2021-09-15 17:26:00+09:00,531516,かんたくん,1150,有明西ふ頭公園,576,サッパ,12.0,ルアーマチックmb ,26.0,東,4.7,1012,153.8,小潮,8.1
2567971,2021-09-12 14:49:00+09:00,414696, noronoro,1150,有明西ふ頭公園,576,サッパ,,,27.0,南南東,0.8,1012,100.2,中潮,5.1
2529458,2021-09-06 06:00:00+09:00,640289,遠藤ルミコ,1150,有明西ふ頭公園,457,ゴマサバ,24.0,,20.0,北東,5.8,1018,166.3,大潮,28.5
2530504,2021-09-05 21:12:00+09:00,326679,渋谷のベランダ日和,1150,有明西ふ頭公園,2,シーバス,47.0,モアザンリアルスティール - レザーレッドヘッド,21.0,北北東,5.6,1018,120.2,大潮,27.5
2524405,2021-09-05 05:41:00+09:00,316519,はんぺん,1150,有明西ふ頭公園,22,サバ,25.0,,20.0,北北西,6.1,1015,165.3,大潮,27.5
2492654,2021-08-29 08:36:00+09:00,548920,アングラー8779794,1150,有明西ふ頭公園,22,サバ,23.0,,28.0,東北東,2.8,1012,160.7,小潮,20.5
2489401,2021-08-28 18:39:00+09:00,404198,つかかず,1150,有明西ふ頭公園,22,サバ,,,31.0,南,5.3,1009,165.4,中潮,19.5
2486839,2021-08-28 10:13:00+09:00,404198,つかかず,1150,有明西ふ頭公園,340,マルタウグイ,,,30.0,東北東,1.4,1012,155.5,中潮,19.5
2486834,2021-08-28 10:04:00+09:00,404198,つかかず,1150,有明西ふ頭公園,22,サバ,,,30.0,東北東,1.4,1012,155.5,中潮,19.5
2486338,2021-08-28 09:53:00+09:00,597509,アングラー2832346,1150,有明西ふ頭公園,22,サバ,,,30.0,東北東,1.4,1012,172.2,中潮,19.5
2524542,2021-08-28 08:24:00+09:00,640289,遠藤ルミコ,1150,有明西ふ頭公園,457,ゴマサバ,20.0,,27.0,東,1.1,1013,177.8,中潮,19.5
2472037,2021-08-24 07:03:00+09:00,578149,ばやちー,1150,有明西ふ頭公園,570,アカエイ,,,26.0,東,1.1,1012,187.8,大潮,15.5
2524528,2021-08-20 06:00:00+09:00,640289,遠藤ルミコ,1150,有明西ふ頭公園,457,ゴマサバ,20.0,,27.0,南南西,4.7,1018,106.5,中潮,11.5
2524556,2021-08-20 06:00:00+09:00,640289,遠藤ルミコ,1150,有明西ふ頭公園,457,ゴマサバ,20.0,,27.0,南南西,4.7,1018,106.5,中潮,11.5
2454517,2021-08-17 08:48:00+09:00,320523,水野ユウキ,1150,有明西ふ頭公園,2,シーバス,35.0,bc16 - アカ,22.0,北,1.4,1015,85.7,長潮,8.5
2439853,2021-08-15 17:00:00+09:00,547528,みなみっち🎣,1150,有明西ふ頭公園,25,カマス,10.0,ボウズのがれサビキ！,22.0,北東,6.7,1012,119.5,小潮,6.5
2433273,2021-08-14 17:10:00+09:00,582958,アラサーセタガヤ区民,1150,有明西ふ頭公園,22,サバ,,,25.0,西南西,5.8,1005,118.9,小潮,5.5
2433267,2021-08-14 16:50:00+09:00,582958,アラサーセタガヤ区民,1150,有明西ふ頭公園,22,サバ,,,25.0,西南西,5.8,1005,94.6,小潮,5.5
2433265,2021-08-14 16:20:00+09:00,582958,アラサーセタガヤ区民,1150,有明西ふ頭公園,22,サバ,,,25.0,西南西,5.8,1005,94.6,小潮,5.5
2433345,2021-08-14 16:14:00+09:00,582958,アラサーセタガヤ区民,1150,有明西ふ頭公園,22,サバ,,,25.0,西南西,5.8,1005,94.6,小潮,5.5
2438942,2021-08-07 20:33:00+09:00,613092,ゆっけ🎣療養中につき、電車釣行,1150,有明西ふ頭公園,575,コノシロ,25.0,,30.0,東南東,4.7,1004,159.6,大潮,28.1
2407669,2021-08-07 10:32:00+09:00,404198,つかかず,1150,有明西ふ頭公園,575,コノシロ,,,30.0,東,3.3,1007,30.4,大潮,28.1
2407673,2021-08-07 10:32:00+09:00,404198,つかかず,1150,有明西ふ頭公園,658,ギマ,,,30.0,東,3.3,1007,30.4,大潮,28.1
2356789,2021-07-17 18:14:00+09:00,420526,KYOTA,1150,有明西ふ頭公園,570,アカエイ,,,29.0,南,5.6,1015,107.7,小潮,7.1
2354370,2021-07-17 06:30:00+09:00,316519,はんぺん,1150,有明西ふ頭公園,658,ギマ,,,28.0,南,1.4,1019,112.5,小潮,7.1
2346901,2021-07-14 12:00:00+09:00,430631,おかーちん🦀,1150,有明西ふ頭公園,185,クロダイ,19.0,,28.0,南東,2.5,1016,55.9,中潮,4.1
2346900,2021-07-14 11:34:00+09:00,430631,おかーちん🦀,1150,有明西ふ頭公園,975,キビレ,30.0,,26.0,東,2.8,1016,86.5,中潮,4.1
2346897,2021-07-14 11:15:00+09:00,430631,おかーちん🦀,1150,有明西ふ頭公園,658,ギマ,30.0,,26.0,東,2.8,1016,86.5,中潮,4.1
2346892,2021-07-14 10:47:00+09:00,430631,おかーちん🦀,1150,有明西ふ頭公園,185,クロダイ,32.0,,26.0,東,2.8,1016,121.7,中潮,4.1
2524656,2021-07-13 06:00:00+09:00,640289,遠藤ルミコ,1150,有明西ふ頭公園,539,カタクチイワシ,12.0,,25.0,北北東,3.3,1012,192.5,中潮,3.1
2336745,2021-07-10 17:08:00+09:00,529016,mgnkt,1150,有明西ふ頭公園,539,カタクチイワシ,,,30.0,南東,4.7,1008,183.2,大潮,0.1
2333135,2021-07-09 17:03:00+09:00,330351,アンぐらあ,1150,有明西ふ頭公園,793,フッコ（マルスズキ）,42.0,ZIPPY 80S - 限定クリアカラー,26.0,北,2.2,1007,176.5,大潮,28.7
2314281,2021-06-29 20:21:00+09:00,480344,ロータツ,1150,有明西ふ頭公園,539,カタクチイワシ,10.0,,20.0,南南西,1.9,1004,172.9,中潮,18.7
2304928,2021-06-26 21:08:00+09:00,420526,KYOTA,1150,有明西ふ頭公園,2,シーバス,,,24.0,南,3.9,1014,176.2,大潮,15.7
2306874,2021-06-26 17:26:00+09:00,420526,KYOTA,1150,有明西ふ頭公園,570,アカエイ,,,28.0,南,5.0,1013,163.6,大潮,15.7
2292632,2021-06-21 20:15:00+09:00,466566,バイクで釣り女,1150,有明西ふ頭公園,793,フッコ（マルスズキ）,50.0,,24.0,南東,5.3,1006,103.3,中潮,10.7
2289282,2021-06-20 19:40:00+09:00,420526,KYOTA,1150,有明西ふ頭公園,570,アカエイ,,,20.0,東,1.9,1000,100.3,若潮,9.7
2289083,2021-06-20 16:50:00+09:00,420526,KYOTA,1150,有明西ふ頭公園,570,アカエイ,,,28.0,東,3.3,997,130.1,若潮,9.7
2220721,2021-05-25 20:25:00+09:00,372525,ツリラボ,1150,有明西ふ頭公園,38,イワシ,12.0,,22.0,南,8.6,1000,126.0,大潮,13.3
2170839,2021-05-04 17:30:00+09:00,388691,one oku Flavor,1150,有明西ふ頭公園,539,カタクチイワシ,7.0,,23.0,南,4.7,1017,57.5,小潮,22.0
2191036,2021-05-03 19:30:00+09:00,428475,ずみーま,1150,有明西ふ頭公園,2,シーバス,30.0,エリア10 - アカキン,17.0,北北西,3.9,1013,84.5,小潮,21.0
2149562,2021-04-26 09:30:00+09:00,480344,ロータツ,1150,有明西ふ頭公園,19,ハゼ,10.0,,13.0,北北東,7.2,1020,26.7,大潮,14.0
2221457,2021-04-25 06:49:00+09:00,421078,うっかりアングラー,1150,有明西ふ頭公園,575,コノシロ,,,16.0,南南西,5.3,1014,141.2,大潮,13.0
2143117,2021-04-24 18:54:00+09:00,495467,劉,1150,有明西ふ頭公園,804,セイゴ（ヒラスズキ）,,,18.0,南,6.1,1018,116.4,中潮,12.0
2137996,2021-04-23 04:35:00+09:00,368546,としろー,1150,有明西ふ頭公園,14,カサゴ,24.0,,13.0,北東,5.0,1023,152.3,中潮,11.0
2127683,2021-04-17 04:34:00+09:00,368546,としろー,1150,有明西ふ頭公園,7,メバル,,,15.0,南南東,4.7,1024,129.5,中潮,5.0
2118957,2021-04-11 15:54:00+09:00,330351,アンぐらあ,1150,有明西ふ頭公園,793,フッコ（マルスズキ）,43.0,METAL GARAGE PLATE VIB 15g - コノシロ,17.0,南南東,3.6,1032,151.1,大潮,28.7
2106399,2021-04-04 03:15:00+09:00,446498,へちぼうず,1150,有明西ふ頭公園,185,クロダイ,27.0,,16.0,南,6.4,1015,116.1,小潮,21.7
2085742,2021-03-22 00:00:00+09:00,484408,どぬどぬ,1150,有明西ふ頭公園,19,ハゼ,18.0,,16.0,北北西,5.8,1000,125.3,長潮,8.7
2084620,2021-03-20 17:37:00+09:00,341454,あんぐり,1150,有明西ふ頭公園,37,カレイ,28.0,,16.0,東南東,2.8,1019,69.9,小潮,6.7
2075005,2021-03-14 17:16:00+09:00,453691,ブラさん,1150,有明西ふ頭公園,19,ハゼ,17.0,,19.0,北西,3.3,1008,185.8,大潮,0.7
2091528,2021-03-12 23:55:00+09:00,491435,釣ってんじゃない!釣られてるんだ！,1150,有明西ふ頭公園,796,セイゴ（マルスズキ）,25.0,ミノー - クリア,8.0,南南西,1.9,1024,13.5,大潮,28.3
2055040,2021-02-27 09:35:00+09:00,454674,オカッパgaパリdeオカッパリ,1150,有明西ふ頭公園,16,コチ,15.0,,4.0,北北東,8.9,1026,112.1,大潮,15.3
2047095,2021-02-20 19:37:00+09:00,447838,陽&耀,1150,有明西ふ頭公園,19,ハゼ,,,15.0,南西,7.5,1008,76.6,小潮,8.3
2047033,2021-02-20 17:20:00+09:00,444919,ゴッツ坊主,1150,有明西ふ頭公園,19,ハゼ,19.0,,17.0,南西,10.0,1007,65.4,小潮,8.3
2047091,2021-02-11 15:30:00+09:00,447838,陽&耀,1150,有明西ふ頭公園,19,ハゼ,,,13.0,北北西,7.8,1020,171.4,大潮,28.9
2027009,2021-02-09 14:39:00+09:00,406409,RYOssan(リョウ),1150,有明西ふ頭公園,19,ハゼ,19.0,,6.0,北北西,7.8,1019,160.0,中潮,26.9
2021286,2021-02-04 19:00:00+09:00,444919,ゴッツ坊主,1150,有明西ふ頭公園,19,ハゼ,20.0,,11.0,北西,6.4,1014,102.3,小潮,21.9
2021203,2021-02-04 15:18:00+09:00,444919,ゴッツ坊主,1150,有明西ふ頭公園,19,ハゼ,18.0,,13.0,西北西,8.6,1011,65.3,小潮,21.9
2019240,2021-02-01 18:46:00+09:00,379593,アングラー8670212,1150,有明西ふ頭公園,19,ハゼ,17.0,,8.0,南南西,10.8,1020,173.9,中潮,18.9
2008098,2021-01-22 16:25:00+09:00,404198,つかかず,1150,有明西ふ頭公園,370,マハゼ,,,14.0,北北東,0.8,1016,91.0,長潮,8.9
1996925,2021-01-16 08:40:00+09:00,448662,IgnorantCoder,1150,有明西ふ頭公園,374,チチブ,5.0,,11.0,西南西,3.3,1015,180.2,中潮,2.9
1988046,2021-01-09 20:02:00+09:00,420526,KYOTA,1150,有明西ふ頭公園,19,ハゼ,,,7.0,西,4.7,1010,34.5,若潮,25.4
1988061,2021-01-09 19:38:00+09:00,420526,KYOTA,1150,有明西ふ頭公園,78,カニ,,,7.0,西,4.7,1010,47.0,若潮,25.4
1990900,2021-01-09 16:35:00+09:00,444919,ゴッツ坊主,1150,有明西ふ頭公園,37,カレイ,40.0,,7.0,西南西,2.8,1009,123.3,若潮,25.4
1973219,2020-12-29 08:05:00+09:00,402675,Kooo,1150,有明西ふ頭公園,370,マハゼ,18.0,,12.0,北北西,2.5,1020,138.6,大潮,14.4
1968616,2020-12-26 19:20:00+09:00,168307,いもむし,1150,有明西ふ頭公園,2,シーバス,, ペンシルベイト ストーム フラッタースティック マッドフラッシュ - グローゴーストクリアキャンディ,9.0,南,1.4,1021,69.2,中潮,11.4
1976605,2020-12-12 16:20:00+09:00,420526,KYOTA,1150,有明西ふ頭公園,2,シーバス,,,16.0,北北西,3.1,1006,171.1,中潮,26.9
1976622,2020-12-06 15:01:00+09:00,420526,KYOTA,1150,有明西ふ頭公園,22,サバ,,,15.0,北東,3.1,1023,121.3,小潮,20.9
1976589,2020-11-28 16:22:00+09:00,420526,KYOTA,1150,有明西ふ頭公園,12,アジ,,,15.0,北北西,9.7,1014,183.7,大潮,12.9
1929216,2020-11-25 17:34:00+09:00,406682,カカロ,1150,有明西ふ頭公園,2,シーバス,75.0,コノシロ,8.0,北東,3.3,1020,98.4,若潮,9.9
1927540,2020-11-23 18:30:00+09:00,406682,カカロ,1150,有明西ふ頭公園,22,サバ,25.0,カタクチイワシ,18.0,南東,0.3,1018,116.8,小潮,7.9
1926607,2020-11-23 17:08:00+09:00,404326,パサ男,1150,有明西ふ頭公園,25,カマス,35.0,vj16 - ピンク,19.0,北北西,3.9,1014,123.0,小潮,7.9
1919150,2020-11-20 13:24:00+09:00,406409,RYOssan(リョウ),1150,有明西ふ頭公園,576,サッパ,,,23.0,南西,10.8,1008,133.0,中潮,4.9
2086092,2020-11-16 06:33:00+09:00,447936,"M,brothers",1150,有明西ふ頭公園,913,ワラサ,60.0,,19.0,北西,1.9,1025,207.6,大潮,0.9
1907922,2020-11-14 06:54:00+09:00,281496,サジサン,1150,有明西ふ頭公園,2,シーバス,35.0,,15.0,北,5.6,1024,170.4,大潮,28.3
1906290,2020-11-13 06:00:00+09:00,404198,つかかず,1150,有明西ふ頭公園,575,コノシロ,,,19.0,北北西,0.3,1024,65.6,中潮,27.3
1918125,2020-11-11 18:05:00+09:00,226815,tkb,1150,有明西ふ頭公園,18,タチウオ,,,15.0,東北東,5.3,1032,117.4,若潮,25.3
1901783,2020-11-10 12:57:00+09:00,406409,RYOssan(リョウ),1150,有明西ふ頭公園,575,コノシロ,24.0,,14.0,北北東,4.2,1019,158.0,長潮,24.3
1901014,2020-11-09 16:00:00+09:00,406544,アングラー1562977,1150,有明西ふ頭公園,12,アジ,10.0,,16.0,南南東,2.5,1015,128.1,小潮,23.3
1896213,2020-11-07 18:55:00+09:00,351671,カクレ,1150,有明西ふ頭公園,22,サバ,,,21.0,南西,5.6,1014,163.1,小潮,21.3
1894355,2020-11-07 02:45:00+09:00,618963,Gin(ジン),1150,有明西ふ頭公園,25,カマス,25.0,VJ-16 - ライムグリーン,18.0,西南西,3.1,1021,42.3,小潮,21.3
1914029,2020-11-06 03:14:00+09:00,397361,み〜ざま,1150,有明西ふ頭公園,575,コノシロ,70.0,,16.0,北,4.2,1027,47.3,中潮,20.3
1890989,2020-11-04 18:49:00+09:00,283444,なりちゃん,1150,有明西ふ頭公園,18,タチウオ,,,17.0,南南西,2.8,1019,187.8,中潮,18.3
1890626,2020-11-04 18:43:00+09:00,413191,アングラーボス,1150,有明西ふ頭公園,18,タチウオ,93.0,,17.0,南南西,2.8,1019,187.8,中潮,18.3
1903109,2020-11-03 19:29:00+09:00,409080,アングラー5566,1150,有明西ふ頭公園,38,イワシ,5.0,,15.0,東,4.7,1006,178.6,中潮,17.3
1890692,2020-11-03 17:22:00+09:00,281496,サジサン,1150,有明西ふ頭公園,2,シーバス,45.0,,17.0,東南東,3.9,1006,188.7,中潮,17.3
1888326,2020-11-03 07:00:00+09:00,412108,大門(だいもん),1150,有明西ふ頭公園,576,サッパ,10.0,,16.0,北,1.4,1009,189.3,中潮,17.3
1886829,2020-11-02 19:08:00+09:00,353477,mame0128,1150,有明西ふ頭公園,2,シーバス,46.0,sasuke 120sf 烈波 - レッドヘッドパール,21.0,南西,4.2,1015,172.5,大潮,16.3
1886825,2020-11-02 18:54:00+09:00,353477,mame0128,1150,有明西ふ頭公園,2,シーバス,43.0,sasuke 120sf 烈波 - レッドヘッドパール,21.0,南西,4.2,1015,193.0,大潮,16.3
1885099,2020-11-01 21:50:00+09:00,262451,YG,1150,有明西ふ頭公園,18,タチウオ,120.0,VJ16 - チャート,19.0,南,3.6,1025,83.4,大潮,15.3
1885181,2020-11-01 17:52:00+09:00,404326,パサ男,1150,有明西ふ頭公園,2,シーバス,50.0,ジグパラマイクロ - 蓄光,19.0,南東,3.6,1024,196.0,大潮,15.3
1884041,2020-11-01 17:11:00+09:00,71238,こば,1150,有明西ふ頭公園,2,シーバス,48.0,VJ-28 - ピンクヘッド,19.0,南東,2.8,1024,198.7,大潮,15.3
1881364,2020-10-31 19:25:00+09:00,404326,パサ男,1150,有明西ふ頭公園,2,シーバス,40.0,ジグパラマイクロ - 蓄光,21.0,東,3.6,1026,149.0,大潮,14.3
1881591,2020-10-31 08:00:00+09:00,281496,サジサン,1150,有明西ふ頭公園,2,シーバス,,,18.0,東,4.2,1028,41.0,大潮,14.3
1876499,2020-10-28 18:05:00+09:00,326679,渋谷のベランダ日和,1150,有明西ふ頭公園,48,エイ,,,20.0,南,4.7,1020,144.2,中潮,11.3
1873714,2020-10-27 16:30:00+09:00,218081,アングラー9892452,1150,有明西ふ頭公園,22,サバ,25.0,,18.0,東北東,4.4,1020,86.1,若潮,10.3
2254304,2020-10-26 15:17:00+09:00,529016,mgnkt,1150,有明西ふ頭公園,575,コノシロ,,,21.0,東南東,1.1,1015,168.4,長潮,9.3
1870305,2020-10-25 07:00:00+09:00,397072,87da,1150,有明西ふ頭公園,576,サッパ,,,21.0,北北西,2.2,1013,162.1,小潮,8.3
2035823,2020-10-24 20:45:00+09:00,461131,Kobatatsu ,1150,有明西ふ頭公園,570,アカエイ,,,18.0,東南東,3.3,1007,146.4,小潮,7.3
1866737,2020-10-24 17:32:00+09:00,404198,つかかず,1150,有明西ふ頭公園,25,カマス,36.0,,18.0,東北東,1.4,1006,141.7,小潮,7.3
1867278,2020-10-24 15:00:00+09:00,397072,87da,1150,有明西ふ頭公園,576,サッパ,,,19.0,南東,4.2,1005,149.8,小潮,7.3
1862164,2020-10-21 18:40:00+09:00,351671,カクレ,1150,有明西ふ頭公園,575,コノシロ,,,19.0,北東,5.0,1024,186.8,中潮,4.3
1861413,2020-10-21 17:25:00+09:00,353477,mame0128,1150,有明西ふ頭公園,456,マサバ,,アオイソメ,20.0,東北東,4.7,1023,169.0,中潮,4.3
1861473,2020-10-21 17:25:00+09:00,353477,mame0128,1150,有明西ふ頭公園,293,マアジ,,アオイソメ,20.0,北東,5.0,1023,169.0,中潮,4.3
2069901,2020-10-21 15:51:00+09:00,468471,ゴーゴー@隅田川旧江戸川,1150,有明西ふ頭公園,2,シーバス,60.0,マキッパ10g - Aji,20.0,北東,5.0,1023,125.9,中潮,4.3
1861596,2020-10-21 15:24:00+09:00,351671,カクレ,1150,有明西ふ頭公園,2,シーバス,63.0,ジグ20g - グリーン,20.0,北東,5.0,1023,125.9,中潮,4.3
1912480,2020-10-18 17:32:00+09:00,850092,てるさん,1150,有明西ふ頭公園,2,シーバス,45.0,ローリングベイト,20.0,東北東,2.8,1020,209.4,大潮,1.3
1912481,2020-10-18 17:18:00+09:00,850092,てるさん,1150,有明西ふ頭公園,575,コノシロ,3.0,サビキ(コマセ無し),20.0,東北東,2.8,1020,209.4,大潮,1.3
1912502,2020-10-18 16:52:00+09:00,850092,てるさん,1150,有明西ふ頭公園,575,コノシロ,3.0,エアオグル - コノシロ,20.0,東北東,2.8,1020,187.4,大潮,1.3
2254299,2020-10-18 13:51:00+09:00,529016,mgnkt,1150,有明西ふ頭公園,575,コノシロ,,,20.0,北北東,3.9,1022,78.5,大潮,1.3
1854048,2020-10-18 04:30:00+09:00,378841,いいとも,1150,有明西ふ頭公園,12,アジ,15.0,,16.0,北北東,3.9,1023,132.6,大潮,1.3
1851653,2020-10-17 00:17:00+09:00,326679,渋谷のベランダ日和,1150,有明西ふ頭公園,2,シーバス,68.0,モアザン　リアルスティール - 不夜城,18.0,北東,4.7,1019,53.0,大潮,0.3
1844542,2020-10-12 17:52:00+09:00,401890,中じ,1150,有明西ふ頭公園,22,サバ,,,22.0,北東,3.9,1010,153.4,若潮,24.7
1840526,2020-10-11 01:45:00+09:00,326679,渋谷のベランダ日和,1150,有明西ふ頭公園,2,シーバス,61.0,シーバスハンターⅢ  s - イワシ,19.0,北,6.4,1013,115.7,長潮,23.7
1836433,2020-10-07 21:34:00+09:00,326679,渋谷のベランダ日和,1150,有明西ふ頭公園,2,シーバス,42.0,シャロール - レインボーパール,19.0,東北東,5.3,1025,158.2,中潮,19.7
1830260,2020-10-04 15:30:00+09:00,376467,小魚専科パンケーキ〆,1150,有明西ふ頭公園,576,サッパ,,,26.0,南,3.6,1011,164.0,中潮,16.7
1829125,2020-10-04 09:00:00+09:00,376467,小魚専科パンケーキ〆,1150,有明西ふ頭公園,1316,コハダ,10.0,,24.0,南,1.4,1015,83.0,中潮,16.7
1828968,2020-10-04 06:32:00+09:00,378841,いいとも,1150,有明西ふ頭公園,12,アジ,15.0,,23.0,南南東,1.4,1015,199.7,中潮,16.7
1816154,2020-09-27 20:35:00+09:00,353477,mame0128,1150,有明西ふ頭公園,2,シーバス,20.0,RJ-7,24.0,南南東,3.6,1010,126.1,若潮,9.7
1814268,2020-09-27 11:52:00+09:00,333878,Bob35,1150,有明西ふ頭公園,575,コノシロ,,サビキ,21.0,東北東,2.5,1010,102.4,若潮,9.7
1814235,2020-09-27 09:03:00+09:00,333878,Bob35,1150,有明西ふ頭公園,22,サバ,,サビキ,21.0,東北東,2.5,1010,67.3,若潮,9.7
1813427,2020-09-27 05:30:00+09:00,378841,いいとも,1150,有明西ふ頭公園,12,アジ,15.0,,21.0,北東,3.3,1009,100.7,若潮,9.7
1795074,2020-09-19 17:25:00+09:00,281496,サジサン,1150,有明西ふ頭公園,2,シーバス,50.0,,26.0,東北東,6.4,1011,197.5,中潮,1.7
1795049,2020-09-19 09:02:00+09:00,281496,サジサン,1150,有明西ふ頭公園,2,シーバス,30.0,,26.0,東北東,5.0,1012,132.8,中潮,1.7
1766781,2020-09-03 17:25:00+09:00,302183,JACCARA,1150,有明西ふ頭公園,18,タチウオ,30.0,,31.0,南,10.0,1012,193.6,大潮,15.0
1749946,2020-08-24 09:30:00+09:00,342725,Vegasblue,1150,有明西ふ頭公園,12,アジ,10.0,,28.0,東北東,3.1,1008,184.3,中潮,5.0
1714823,2020-08-07 22:24:00+09:00,376633,メジナ♡ˡºᵛᵉゆめかわいいアイドル,1150,有明西ふ頭公園,975,キビレ,,,23.0,南南西,8.1,1010,156.8,中潮,17.4
1701762,2020-08-01 08:00:00+09:00,378841,いいとも,1150,有明西ふ頭公園,576,サッパ,15.0,,25.0,北北東,3.6,1012,49.7,中潮,11.4
1676107,2020-07-18 06:00:00+09:00,281496,サジサン,1150,有明西ふ頭公園,2,シーバス,62.0,ビックバッカーメタルバイブ - イワシ,21.0,北,1.1,1012,110.3,中潮,26.8
1657768,2020-06-28 09:07:00+09:00,294345,アトモス,1150,有明西ふ頭公園,185,クロダイ,36.0,,21.0,北北東,5.8,1001,155.8,小潮,6.8
1606731,2020-06-06 08:35:00+09:00,309369,くまモン0202,1150,有明西ふ頭公園,658,ギマ,28.0,,24.0,北北東,1.7,1008,45.9,大潮,12.7
1597690,2020-05-31 18:32:00+09:00,281496,サジサン,1150,有明西ふ頭公園,575,コノシロ,20.0,,22.0,南,7.8,1018,66.3,小潮,8.4
1504597,2020-03-20 18:13:00+09:00,326679,渋谷のベランダ日和,1150,有明西ふ頭公園,2,シーバス,40.0,シーバスハンターⅢ  s - イワシ,18.0,南,3.9,1008,95.5,若潮,25.5
2858687,2020-01-27 13:55:00+09:00,587131,月6アングラーZ4,1150,有明西ふ頭公園,2,シーバス,,,7.0,北東,3.6,1024,70.7,中潮,2.2
1443804,2020-01-05 02:32:00+09:00,294345,アトモス,1150,有明西ふ頭公園,14,カサゴ,21.0,,7.0,北北東,7.2,1014,116.1,若潮,9.9
1433494,2019-12-29 19:17:00+09:00,334832,〆鯖アタル,1150,有明西ふ頭公園,804,セイゴ（ヒラスズキ）,,,11.0,東,2.2,1030,176.9,中潮,2.9
1426414,2019-12-21 18:59:00+09:00,334832,〆鯖アタル,1150,有明西ふ頭公園,804,セイゴ（ヒラスズキ）,,,10.0,北北東,3.3,1023,81.5,長潮,24.5
1424733,2019-12-19 01:07:00+09:00,294345,アトモス,1150,有明西ふ頭公園,185,クロダイ,34.0,,13.0,東北東,3.9,1017,85.4,小潮,22.5
1424731,2019-12-19 00:51:00+09:00,294345,アトモス,1150,有明西ふ頭公園,796,セイゴ（マルスズキ）,18.0,,13.0,東北東,3.9,1017,107.6,小潮,22.5
1479253,2019-12-15 16:07:00+09:00,347160,やまにい,1150,有明西ふ頭公園,796,セイゴ（マルスズキ）,40.0,鉄板バイブ20g - ピンクイワシ,15.0,北,3.1,1026,159.6,中潮,18.5
1420178,2019-12-14 19:24:00+09:00,326679,渋谷のベランダ日和,1150,有明西ふ頭公園,2,シーバス,35.0,ワーム - 夜光,13.0,北北西,3.1,1017,174.4,中潮,17.5
1419768,2019-12-14 18:29:00+09:00,197588,schreck,1150,有明西ふ頭公園,2,シーバス,32.0,,16.0,北西,2.8,1017,191.4,中潮,17.5
1409649,2019-11-30 22:01:00+09:00,333758,ゆきパパ,1150,有明西ふ頭公園,2,シーバス,30.0,サイレントアサシン,12.0,南南東,3.3,1030,91.5,中潮,3.5
2134600,2019-11-30 14:16:00+09:00,375334,ししお,1150,有明西ふ頭公園,920,イナダ,,,13.0,北北東,3.6,1027,116.0,中潮,3.5
1399862,2019-11-24 18:35:00+09:00,326679,渋谷のベランダ日和,1150,有明西ふ頭公園,2,シーバス,32.0,シラスジグII - イワシ,20.0,南南西,2.5,1018,127.4,中潮,27.0
1392344,2019-11-18 17:48:00+09:00,326679,渋谷のベランダ日和,1150,有明西ふ頭公園,2,シーバス,35.0,バイブレーション - イワシカラー,21.0,南南西,13.3,1013,147.8,小潮,21.0
1389440,2019-11-16 19:54:00+09:00,326679,渋谷のベランダ日和,1150,有明西ふ頭公園,2,シーバス,32.0,バイブレーション - イワシカラー,19.0,南,2.2,1018,183.9,中潮,19.0
1389094,2019-11-16 18:19:00+09:00,322895,2525,1150,有明西ふ頭公園,2,シーバス,35.0,koume 70 - コットンキャンディー,19.0,南,2.2,1018,187.7,中潮,19.0
