catch_id,caught_at,user_id,user_name,area_id,area_name,fish_id,fish_name,size,lure,weather
4632882,2023-05-27 09:50:00+09:00,605555,ショウジン,1150,有明西ふ頭公園,969,チヌ,40.0,ミジ団子,快晴
4632849,2023-05-27 09:03:00+09:00,605555,ショウジン,1150,有明西ふ頭公園,969,チヌ,50.0,ミジ団子,快晴
4631250,2023-05-27 01:27:00+09:00,249916,kan777(江戸前),1150,有明西ふ頭公園,2,シーバス,60.0,メタルバイブ30g,晴れ
4613259,2023-05-21 13:27:00+09:00,399853,もりたん,1150,有明西ふ頭公園,185,クロダイ,,ミジ貝,晴れ
4609421,2023-05-21 07:43:00+09:00,399853,もりたん,1150,有明西ふ頭公園,185,クロダイ,,ミジ貝,曇り
4596730,2023-05-18 04:58:00+09:00,835354,40年ぶりのヘチ釣り,1150,有明西ふ頭公園,185,クロダイ,32.0,カニ,快晴
4590915,2023-05-16 14:19:00+09:00,605555,ショウジン,1150,有明西ふ頭公園,185,クロダイ,46.0,ミジ団子,快晴
4590793,2023-05-16 13:58:00+09:00,605555,ショウジン,1150,有明西ふ頭公園,185,クロダイ,50.0,ミジ団子,快晴
4590755,2023-05-16 13:40:00+09:00,605555,ショウジン,1150,有明西ふ頭公園,185,クロダイ,39.0,ミジ団子,快晴
4590726,2023-05-16 13:00:00+09:00,605555,ショウジン,1150,有明西ふ頭公園,975,キビレ,43.0,ミジ団子,快晴
4577930,2023-05-13 09:58:00+09:00,605555,ショウジン,1150,有明西ふ頭公園,969,チヌ,,ミジ団子,小雨
4577884,2023-05-13 09:34:00+09:00,605555,ショウジン,1150,有明西ふ頭公園,969,チヌ,43.0,ミジ団子,小雨
4556586,2023-05-06 15:38:00+09:00,399853,もりたん,1150,有明西ふ頭公園,185,クロダイ,,イガイ,晴れ
4543750,2023-05-04 19:24:00+09:00,1050575,はるぼん,1150,有明西ふ頭公園,801,フッコ（ヒラスズキ）,20.0,,快晴
4543375,2023-05-04 17:17:00+09:00,623637,泳がせはロマン,1150,有明西ふ頭公園,793,フッコ（マルスズキ）,46.0,,快晴
4529650,2023-04-29 12:41:00+09:00,611927,のりくろ,1150,有明西ふ頭公園,793,フッコ（マルスズキ）,48.0,,快晴
4529646,2023-04-29 07:41:00+09:00,611927,のりくろ,1150,有明西ふ頭公園,793,フッコ（マルスズキ）,45.0,,快晴
4529641,2023-04-29 07:29:00+09:00,611927,のりくろ,1150,有明西ふ頭公園,793,フッコ（マルスズキ）,50.0,,快晴
4511575,2023-04-28 08:21:00+09:00,605555,ショウジン,1150,有明西ふ頭公園,969,チヌ,47.0,イガイ団子,快晴
4490910,2023-04-22 09:01:00+09:00,354274,あにか10416,1150,有明西ふ頭公園,2,シーバス,55.0,ボウズのがれ,快晴
4477729,2023-04-17 16:39:00+09:00,605555,ショウジン,1150,有明西ふ頭公園,969,チヌ,45.0,イガイ団子,快晴
4460162,2023-04-11 09:22:00+09:00,605555,ショウジン,1150,有明西ふ頭公園,969,チヌ,,カニ,快晴
4445934,2023-04-06 04:40:00+09:00,835354,40年ぶりのヘチ釣り,1150,有明西ふ頭公園,185,クロダイ,30.0,アオイソメ,晴れ
4441061,2023-04-04 16:05:00+09:00,605555,ショウジン,1150,有明西ふ頭公園,969,チヌ,40.5,カニ,快晴
4355202,2023-03-04 18:34:00+09:00,855287,ざわめき,1150,有明西ふ頭公園,370,マハゼ,,,快晴
4284450,2023-01-28 22:41:00+09:00,295169,martin0318,1150,有明西ふ頭公園,164,クロメバル,10.0,,晴れ
4283508,2023-01-28 08:28:00+09:00,855287,ざわめき,1150,有明西ふ頭公園,751,モクズガニ,20.0,,快晴
4225661,2023-01-03 19:22:00+09:00,891614,kiryuたまご,1150,有明西ふ頭公園,2,シーバス,20.0,青イソメ,快晴
4196715,2022-12-23 10:52:00+09:00,432639,クロダイ釣りたい,1150,有明西ふ頭公園,185,クロダイ,45.0,,快晴
4192806,2022-12-20 16:43:00+09:00,281496,サジサン,1150,有明西ふ頭公園,2,シーバス,50.0,ニンジャリ,快晴
4141766,2022-12-03 07:08:00+09:00,986808,釣り初心者のお父ちゃん,1150,有明西ふ頭公園,539,カタクチイワシ,,,曇り
4127848,2022-11-27 15:30:00+09:00,976310,彩と桃,1150,有明西ふ頭公園,539,カタクチイワシ,,SHIMANO,晴れ
4116215,2022-11-25 23:32:00+09:00,489372,釣りは良いよね,1150,有明西ふ頭公園,796,セイゴ（マルスズキ）,,ジョルティミニ14g,晴れ
4095578,2022-11-20 12:05:00+09:00,587131,月6アングラーZ4,1150,有明西ふ頭公園,2,シーバス,,,霧
4093561,2022-11-20 00:10:00+09:00,362043,TK_angler,1150,有明西ふ頭公園,2,シーバス,38.5,DAIWA,曇り
4078565,2022-11-15 20:20:00+09:00,326679,渋谷のベランダ日和,1150,有明西ふ頭公園,2,シーバス,56.0,バイブ  シュナイダー - ブルピン,曇り
4043428,2022-11-08 07:31:00+09:00,911963,釣りの介,1150,有明西ふ頭公園,576,サッパ,10.0,,快晴
4008751,2022-11-01 11:52:00+09:00,605555,ショウジン,1150,有明西ふ頭公園,969,チヌ,38.0,フジツボ,晴れ
3986201,2022-10-26 19:22:00+09:00,326679,渋谷のベランダ日和,1150,有明西ふ頭公園,796,セイゴ（マルスズキ）,,ローリングベイト - コノシロ,
3972966,2022-10-24 03:49:00+09:00,956122,1030yuya,1150,有明西ふ頭公園,185,クロダイ,30.0,,曇り
3957420,2022-10-21 19:52:00+09:00,326679,渋谷のベランダ日和,1150,有明西ふ頭公園,796,セイゴ（マルスズキ）,,ローリングベイト - コノシロ,快晴
3957399,2022-10-21 19:32:00+09:00,326679,渋谷のベランダ日和,1150,有明西ふ頭公園,796,セイゴ（マルスズキ）,48.0,ローリングベイト - コノシロ,快晴
3957370,2022-10-21 19:21:00+09:00,326679,渋谷のベランダ日和,1150,有明西ふ頭公園,793,フッコ（マルスズキ）,60.0,ローリングベイト - コノシロ,快晴
3945027,2022-10-18 10:41:00+09:00,605555,ショウジン,1150,有明西ふ頭公園,969,チヌ,40.5,フジツボ,曇り
3921708,2022-10-14 20:54:00+09:00,326679,渋谷のベランダ日和,1150,有明西ふ頭公園,20,ソイ,25.0,Flash J - マイワシシルバー1.5in,曇り
3921685,2022-10-14 20:54:00+09:00,326679,渋谷のベランダ日和,1150,有明西ふ頭公園,2,シーバス,20.0,Flash J - マイワシシルバー1.5in,曇り
3918239,2022-10-13 20:41:00+09:00,532220,きよさく,1150,有明西ふ頭公園,793,フッコ（マルスズキ）,50.0,ゼッパー80,小雨
3903690,2022-10-10 14:14:00+09:00,605555,ショウジン,1150,有明西ふ頭公園,969,チヌ,30.0,カニ,小雨
3870798,2022-10-03 12:12:00+09:00,605555,ショウジン,1150,有明西ふ頭公園,969,チヌ,39.0,フジツボ,晴れ
3863247,2022-10-02 14:49:00+09:00,334832,〆鯖アタル,1150,有明西ふ頭公園,972,チンチン,14.0,,快晴
3860209,2022-10-02 05:19:00+09:00,502028,まぁぁ,1150,有明西ふ頭公園,2,シーバス,,ジグヘッド+イソメ,快晴
3848806,2022-09-30 16:10:00+09:00,939911,アングラータカシ,1150,有明西ふ頭公園,185,クロダイ,51.0,,快晴
3842784,2022-09-28 15:45:00+09:00,939911,アングラータカシ,1150,有明西ふ頭公園,185,クロダイ,31.0,,晴れ
3835207,2022-09-27 15:27:00+09:00,605555,ショウジン,1150,有明西ふ頭公園,969,チヌ,29.0,フジツボ,晴れ
3835189,2022-09-27 15:01:00+09:00,605555,ショウジン,1150,有明西ふ頭公園,969,チヌ,30.0,フジツボ,晴れ
3835174,2022-09-27 14:33:00+09:00,605555,ショウジン,1150,有明西ふ頭公園,969,チヌ,43.0,フジツボ,快晴
3857848,2022-09-25 16:00:00+09:00,840742,アングラー54704507,1150,有明西ふ頭公園,38,イワシ,,,曇り
3821174,2022-09-25 09:25:00+09:00,502028,まぁぁ,1150,有明西ふ頭公園,972,チンチン,29.0,,晴れ
3821271,2022-09-25 05:35:00+09:00,502028,まぁぁ,1150,有明西ふ頭公園,539,カタクチイワシ,,ケイムラトリック - 2.5号,晴れ
3841028,2022-09-25 04:50:00+09:00,716346,しん(pesu034),1150,有明西ふ頭公園,28,ボラ,48.0,アオイソメ,小雨
3781741,2022-09-16 11:06:00+09:00,605555,ショウジン,1150,有明西ふ頭公園,969,チヌ,39.0,フジツボ,快晴
3765821,2022-09-12 13:52:00+09:00,605555,ショウジン,1150,有明西ふ頭公園,969,チヌ,30.0,カニ,晴れ
3756274,2022-09-11 01:50:00+09:00,502028,まぁぁ,1150,有明西ふ頭公園,972,チンチン,,アジ用オープンゲイプ0.5g+イソメ,快晴
3746760,2022-09-10 02:47:00+09:00,502028,まぁぁ,1150,有明西ふ頭公園,14,カサゴ,25.0,妻専用仕掛け+イソメ,曇り
3746716,2022-09-10 02:33:00+09:00,502028,まぁぁ,1150,有明西ふ頭公園,969,チヌ,30.0,アジ用オープンゲイプ0.5g+イソメ,曇り
3730698,2022-09-05 13:35:00+09:00,605555,ショウジン,1150,有明西ふ頭公園,969,チヌ,30.0,フジツボ,小雨
3730691,2022-09-05 12:52:00+09:00,605555,ショウジン,1150,有明西ふ頭公園,969,チヌ,47.0,フジツボ,小雨
3699615,2022-08-29 17:06:00+09:00,417386,mistral08 ,1150,有明西ふ頭公園,969,チヌ,35.0,,曇り
3670295,2022-08-23 16:26:00+09:00,854200,Tsunokiyo,1150,有明西ふ頭公園,576,サッパ,13.0,,快晴
3670107,2022-08-23 15:01:00+09:00,854200,Tsunokiyo,1150,有明西ふ頭公園,576,サッパ,12.0,,快晴
3670111,2022-08-23 14:13:00+09:00,605555,ショウジン,1150,有明西ふ頭公園,969,チヌ,25.0,フジツボ,晴れ
3669809,2022-08-23 12:33:00+09:00,854200,Tsunokiyo,1150,有明西ふ頭公園,576,サッパ,12.0,,晴れ
3669714,2022-08-23 10:13:00+09:00,854200,Tsunokiyo,1150,有明西ふ頭公園,576,サッパ,15.0,,曇り
3661897,2022-08-21 18:10:00+09:00,354274,あにか10416,1150,有明西ふ頭公園,576,サッパ,10.0,さびき,小雨
3661780,2022-08-21 17:54:00+09:00,354274,あにか10416,1150,有明西ふ頭公園,575,コノシロ,25.0,さびき,豪雨
3661767,2022-08-21 17:53:00+09:00,354274,あにか10416,1150,有明西ふ頭公園,575,コノシロ,23.0,さびき,豪雨
3661724,2022-08-21 17:46:00+09:00,354274,あにか10416,1150,有明西ふ頭公園,575,コノシロ,24.0,さびき,豪雨
3661723,2022-08-21 17:44:00+09:00,354274,あにか10416,1150,有明西ふ頭公園,575,コノシロ,25.0,さびき,豪雨
3661699,2022-08-21 17:42:00+09:00,354274,あにか10416,1150,有明西ふ頭公園,576,サッパ,14.0,さびき,豪雨
3661502,2022-08-21 17:17:00+09:00,354274,あにか10416,1150,有明西ふ頭公園,575,コノシロ,20.0,さびき,豪雨
3661481,2022-08-21 17:14:00+09:00,354274,あにか10416,1150,有明西ふ頭公園,576,サッパ,14.0,さびき,豪雨
3661448,2022-08-21 17:08:00+09:00,354274,あにか10416,1150,有明西ふ頭公園,575,コノシロ,25.0,さびき,豪雨
3661407,2022-08-21 17:03:00+09:00,354274,あにか10416,1150,有明西ふ頭公園,575,コノシロ,22.0,さびき,豪雨
3661376,2022-08-21 16:57:00+09:00,354274,あにか10416,1150,有明西ふ頭公園,576,サッパ,12.0,さびき,豪雨
3661178,2022-08-21 16:27:00+09:00,354274,あにか10416,1150,有明西ふ頭公園,575,コノシロ,25.0,さびき,豪雨
3661091,2022-08-21 16:13:00+09:00,354274,あにか10416,1150,有明西ふ頭公園,576,サッパ,15.0,さびき,豪雨
3662330,2022-08-21 14:19:00+09:00,420526,KYOTA,1150,有明西ふ頭公園,969,チヌ,,,豪雨
3662322,2022-08-21 14:04:00+09:00,420526,KYOTA,1150,有明西ふ頭公園,969,チヌ,,,豪雨
3657197,2022-08-20 21:46:00+09:00,502028,まぁぁ,1150,有明西ふ頭公園,340,マルタウグイ,,ジグヘッド0.7＋イソメ,曇り
3598165,2022-08-08 15:10:00+09:00,605555,ショウジン,1150,有明西ふ頭公園,969,チヌ,46.0,イガイ,快晴
3585196,2022-08-06 11:45:00+09:00,605555,ショウジン,1150,有明西ふ頭公園,28,ボラ,,,曇り
3580071,2022-08-05 12:24:00+09:00,605555,ショウジン,1150,有明西ふ頭公園,969,チヌ,36.0,イガイ,曇り
3573365,2022-08-03 07:23:00+09:00,755238,き(黄)〜さん,1150,有明西ふ頭公園,576,サッパ,,,快晴
3530656,2022-07-24 16:45:00+09:00,334832,〆鯖アタル,1150,有明西ふ頭公園,658,ギマ,26.0,,晴れ
3504807,2022-07-18 16:14:00+09:00,605555,ショウジン,1150,有明西ふ頭公園,969,チヌ,49.5,イガイ,快晴
3614384,2022-07-18 08:30:00+09:00,815665,アサマズメ,1150,有明西ふ頭公園,575,コノシロ,27.0,,小雨
3470104,2022-07-10 16:57:00+09:00,872221,電車で限界突破×アングラー,1150,有明西ふ頭公園,575,コノシロ,18.0,,快晴
3465125,2022-07-10 06:00:00+09:00,877378,ゴンチチ,1150,有明西ふ頭公園,539,カタクチイワシ,,,小雨
3435617,2022-07-03 13:42:00+09:00,334832,〆鯖アタル,1150,有明西ふ頭公園,658,ギマ,,,晴れ
3516979,2022-07-03 13:08:00+09:00,891614,kiryuたまご,1150,有明西ふ頭公園,658,ギマ,,,快晴
3435190,2022-07-03 12:29:00+09:00,334832,〆鯖アタル,1150,有明西ふ頭公園,658,ギマ,26.0,,晴れ
3424619,2022-07-01 18:34:00+09:00,617854,なかなか釣れんなぁ…,1150,有明西ふ頭公園,576,サッパ,15.0,,快晴
3398928,2022-06-26 06:00:00+09:00,877378,ゴンチチ,1150,有明西ふ頭公園,539,カタクチイワシ,,,快晴
3383281,2022-06-22 12:59:00+09:00,417386,mistral08 ,1150,有明西ふ頭公園,969,チヌ,40.0,,晴れ
3383276,2022-06-22 12:37:00+09:00,417386,mistral08 ,1150,有明西ふ頭公園,969,チヌ,,,晴れ
3371116,2022-06-19 18:10:00+09:00,529016,mgnkt,1150,有明西ふ頭公園,576,サッパ,,,快晴
3371793,2022-06-19 16:16:00+09:00,443513,魚座マン,1150,有明西ふ頭公園,576,サッパ,,,快晴
3384114,2022-06-19 05:30:00+09:00,877378,ゴンチチ,1150,有明西ふ頭公園,576,サッパ,,,晴れ
3358465,2022-06-17 17:30:00+09:00,779412,Chili Bomber,1150,有明西ふ頭公園,185,クロダイ,,,快晴
3360315,2022-06-16 18:30:00+09:00,302183,JACCARA,1150,有明西ふ頭公園,185,クロダイ,45.0,,晴れ
3344297,2022-06-14 14:18:00+09:00,605555,ショウジン,1150,有明西ふ頭公園,969,チヌ,36.5,カニ,小雨
3335903,2022-06-12 17:40:00+09:00,529016,mgnkt,1150,有明西ふ頭公園,575,コノシロ,,,小雨
3335409,2022-06-12 16:02:00+09:00,716346,しん(pesu034),1150,有明西ふ頭公園,2,シーバス,43.0,アオイソメ,快晴
3317509,2022-06-09 12:48:00+09:00,605555,ショウジン,1150,有明西ふ頭公園,969,チヌ,49.0,カニ,曇り
3285168,2022-06-03 05:00:00+09:00,640289,遠藤ルミコ,1150,有明西ふ頭公園,575,コノシロ,25.0,,小雨
3278501,2022-06-01 19:48:00+09:00,723113,417,1150,有明西ふ頭公園,2,シーバス,,,快晴
3273650,2022-05-31 20:27:00+09:00,416806,下町擬似餌釣好おじさん,1150,有明西ふ頭公園,2,シーバス,,ノガレ120F,曇り
3271941,2022-05-31 15:08:00+09:00,605555,ショウジン,1150,有明西ふ頭公園,969,チヌ,36.0,カニ,曇り
3262376,2022-05-29 14:57:00+09:00,444919,ゴッツ坊主,1150,有明西ふ頭公園,975,キビレ,40.0,,快晴
3225565,2022-05-21 18:10:00+09:00,559138,skyway716,1150,有明西ふ頭公園,1245,イシモチ,28.0,,小雨
3225472,2022-05-21 16:55:00+09:00,559138,skyway716,1150,有明西ふ頭公園,575,コノシロ,26.0,Teppan Vib 9g,小雨
3245955,2022-05-21 08:33:00+09:00,404198,つかかず,1150,有明西ふ頭公園,539,カタクチイワシ,,,小雨
3582087,2022-05-17 20:32:00+09:00,619140,湘南アングラーー,1150,有明西ふ頭公園,808,フッコ（タイリクスズキ）,52.0,アルデンテ,晴れ
3196509,2022-05-15 15:19:00+09:00,840742,アングラー54704507,1150,有明西ふ頭公園,57,サヨリ,32.0,,曇り
3188425,2022-05-14 15:27:00+09:00,444919,ゴッツ坊主,1150,有明西ふ頭公園,1245,イシモチ,30.0,,晴れ
3582098,2022-05-10 20:52:00+09:00,619140,湘南アングラーー,1150,有明西ふ頭公園,98,タイリクスズキ,61.0,ヤルキスティック,曇り
3139210,2022-05-04 16:36:00+09:00,502028,まぁぁ,1150,有明西ふ頭公園,539,カタクチイワシ,12.0,ケイムラトリック,快晴
3136911,2022-05-03 17:30:00+09:00,388691,one oku Flavor,1150,有明西ふ頭公園,539,カタクチイワシ,7.0,,快晴
3126339,2022-05-02 17:31:00+09:00,444919,ゴッツ坊主,1150,有明西ふ頭公園,1245,イシモチ,30.0,,曇り
3118438,2022-05-01 07:51:00+09:00,405259,チャリで来た釣り人,1150,有明西ふ頭公園,539,カタクチイワシ,,,曇り
3117789,2022-05-01 03:39:00+09:00,249916,kan777(江戸前),1150,有明西ふ頭公園,2,シーバス,53.0,フィール - ピンク,曇り
3106780,2022-04-28 19:46:00+09:00,723113,417,1150,有明西ふ頭公園,1245,イシモチ,,,快晴
3103837,2022-04-27 23:14:00+09:00,249916,kan777(江戸前),1150,有明西ふ頭公園,2,シーバス,40.0,フィール - ピンク,曇り
3073307,2022-04-22 21:06:00+09:00,723113,417,1150,有明西ふ頭公園,1245,イシモチ,,,快晴
3192801,2022-04-17 06:11:00+09:00,400336,ハルタロウ,1150,有明西ふ頭公園,539,カタクチイワシ,,,晴れ
2987592,2022-03-13 15:18:00+09:00,334832,〆鯖アタル,1150,有明西ふ頭公園,796,セイゴ（マルスズキ）,34.0,,曇り
2966761,2022-03-01 18:43:00+09:00,326679,渋谷のベランダ日和,1150,有明西ふ頭公園,2,シーバス,49.0,スーサン - キャンデーグロー,晴れ
3192796,2021-12-12 06:59:00+09:00,400336,ハルタロウ,1150,有明西ふ頭公園,22,サバ,,,曇り
2820659,2021-11-27 16:03:00+09:00,404198,つかかず,1150,有明西ふ頭公園,539,カタクチイワシ,,,快晴
2813562,2021-11-23 16:17:00+09:00,382974,テイテイ大佐,1150,有明西ふ頭公園,2,シーバス,30.0,POWER SHAD - 房総プラチナキス,曇り
2803294,2021-11-20 17:47:00+09:00,589566,アカエイこわい,1150,有明西ふ頭公園,18,タチウオ,110.0,Grassminnow  - ミッドナイトグロウ,晴れ
2804894,2021-11-20 16:24:00+09:00,382974,テイテイ大佐,1150,有明西ふ頭公園,2,シーバス,38.0,POWER SHAD - 房総プラチナキス,晴れ
2781767,2021-11-13 17:47:00+09:00,850092,てるさん,1150,有明西ふ頭公園,185,クロダイ,40.0,クレイジーフラッパー - グリーンパンプキンペッパー,快晴
2775896,2021-11-12 00:03:00+09:00,850092,てるさん,1150,有明西ふ頭公園,185,クロダイ,40.0,クレイジーフラッパー - グリーンパンプキンペッパー,快晴
2775890,2021-11-11 23:43:00+09:00,850092,てるさん,1150,有明西ふ頭公園,185,クロダイ,32.0,クレイジーフラッパー - グリーンパンプキンペッパー,快晴
2774098,2021-11-10 22:06:00+09:00,850092,てるさん,1150,有明西ふ頭公園,185,クロダイ,41.0,RVバグ3.0 - ザリガニ,快晴
2772751,2021-11-10 07:12:00+09:00,850092,てるさん,1150,有明西ふ頭公園,185,クロダイ,42.0,ドライブクロー - グリーンパンプキンペッパー,快晴
2770964,2021-11-09 05:20:00+09:00,850092,てるさん,1150,有明西ふ頭公園,185,クロダイ,20.0,クレイジーフラッパー - グリーンパンプキンペッパー,曇り
2771330,2021-11-09 03:09:00+09:00,326679,渋谷のベランダ日和,1150,有明西ふ頭公園,2,シーバス,37.0,コノシロ,小雨
2768388,2021-11-07 21:39:00+09:00,675731,ゲン　,1150,有明西ふ頭公園,185,クロダイ,20.0,,快晴
2767072,2021-11-07 18:27:00+09:00,850092,てるさん,1150,有明西ふ頭公園,185,クロダイ,39.0,クレイジーフラッパー - グリーンパンプキンペッパー,晴れ
2767044,2021-11-07 17:59:00+09:00,850092,てるさん,1150,有明西ふ頭公園,185,クロダイ,37.0,クレイジーフラッパー - グリーンパンプキンペッパー,曇り
2767036,2021-11-07 17:46:00+09:00,850092,てるさん,1150,有明西ふ頭公園,185,クロダイ,36.0,クレイジーフラッパー - グリーンパンプキンペッパー,曇り
2767019,2021-11-07 17:26:00+09:00,850092,てるさん,1150,有明西ふ頭公園,185,クロダイ,37.0,クレイジーフラッパー - グリーンパンプキンペッパー,曇り
2767000,2021-11-07 17:16:00+09:00,850092,てるさん,1150,有明西ふ頭公園,185,クロダイ,36.0,クレイジーフラッパー - グリーンパンプキンペッパー,曇り
2766963,2021-11-07 17:03:00+09:00,850092,てるさん,1150,有明西ふ頭公園,185,クロダイ,37.0,クレイジーフラッパー - グリーンパンプキンペッパー,曇り
2762439,2021-11-06 19:08:00+09:00,330351,アンぐらあ,1150,有明西ふ頭公園,18,タチウオ,130.0,SHORELINE SHINER Z SETUPPER125S - ホロキビナゴ,晴れ
2755930,2021-11-05 05:50:00+09:00,544815,Sa0501 ,1150,有明西ふ頭公園,2,シーバス,35.0,,小雨
2755130,2021-11-04 18:46:00+09:00,326679,渋谷のベランダ日和,1150,有明西ふ頭公園,2,シーバス,39.0,スイッチヒッター85S - レザーキャンディ,晴れ
2753085,2021-11-03 21:49:00+09:00,675731,ゲン　,1150,有明西ふ頭公園,185,クロダイ,25.0,,晴れ
2751782,2021-11-03 17:41:00+09:00,703768,左衛門佐SAEMONNOSUKE,1150,有明西ふ頭公園,575,コノシロ,20.0,,快晴
2752955,2021-11-03 16:30:00+09:00,423343,鮒　OFTC平部員,1150,有明西ふ頭公園,576,サッパ,,,快晴
2750779,2021-11-03 15:30:00+09:00,529016,mgnkt,1150,有明西ふ頭公園,575,コノシロ,,,快晴
2751144,2021-11-03 15:00:00+09:00,414696, noronoro,1150,有明西ふ頭公園,576,サッパ,,,快晴
2749930,2021-11-03 05:50:00+09:00,423832,ジョルティン,1150,有明西ふ頭公園,2,シーバス,54.0,ジグヘッド - チャート系,小雨
2752458,2021-11-03 05:38:00+09:00,514978,ウォッカ,1150,有明西ふ頭公園,2,シーバス,35.0,セットアッパー125S-DR - ゴールドキャンディ,小雨
2745456,2021-11-02 04:59:00+09:00,281496,サジサン,1150,有明西ふ頭公園,2,シーバス,35.0,スネコン90S - ブルーブルー,曇り
2745050,2021-11-01 22:56:00+09:00,675731,ゲン　,1150,有明西ふ頭公園,14,カサゴ,18.0,,曇り
2743591,2021-11-01 15:45:00+09:00,417386,mistral08 ,1150,有明西ふ頭公園,969,チヌ,35.0,,曇り
2746663,2021-10-31 19:10:00+09:00,703768,左衛門佐SAEMONNOSUKE,1150,有明西ふ頭公園,22,サバ,22.0,,快晴
2740777,2021-10-31 16:16:00+09:00,281496,サジサン,1150,有明西ふ頭公園,2,シーバス,92.0,スネコン90S - ブルーブルー,晴れ
2736860,2021-10-31 00:39:00+09:00,334832,〆鯖アタル,1150,有明西ふ頭公園,14,カサゴ,16.0,,晴れ
2743097,2021-10-30 15:12:00+09:00,382974,テイテイ大佐,1150,有明西ふ頭公園,22,サバ,20.0,ジョルティミニ - クローム,快晴
2729516,2021-10-28 17:05:00+09:00,536441,伊太図良屋　番長【Twitter】佐野,1150,有明西ふ頭公園,22,サバ,25.0,,快晴
2725177,2021-10-26 20:09:00+09:00,475614,釣り部【エセ】,1150,有明西ふ頭公園,18,タチウオ,121.0,,快晴
2716929,2021-10-23 15:34:00+09:00,382974,テイテイ大佐,1150,有明西ふ頭公園,22,サバ,20.0,POWER SHAD - パール,快晴
2701376,2021-10-18 16:00:00+09:00,640289,遠藤ルミコ,1150,有明西ふ頭公園,22,サバ,27.0,,晴れ
2841281,2021-10-16 18:45:00+09:00,730240,せいぽむ,1150,有明西ふ頭公園,22,サバ,30.0,オキアミ,曇り
2680756,2021-10-12 00:20:00+09:00,326679,渋谷のベランダ日和,1150,有明西ふ頭公園,575,コノシロ,14.0,タイドミノースリム140,晴れ
2751848,2021-10-10 21:04:00+09:00,703768,左衛門佐SAEMONNOSUKE,1150,有明西ふ頭公園,22,サバ,23.0,,晴れ
2675823,2021-10-10 13:00:00+09:00,414696, noronoro,1150,有明西ふ頭公園,22,サバ,,,晴れ
2660274,2021-10-06 21:13:00+09:00,326679,渋谷のベランダ日和,1150,有明西ふ頭公園,28,ボラ,18.0,スーサン - キャンディグロー,曇り
2657200,2021-10-05 21:18:00+09:00,429227,ニャス子,1150,有明西ふ頭公園,576,サッパ,,メタルガレージ,晴れ
2657271,2021-10-05 20:40:00+09:00,326679,渋谷のベランダ日和,1150,有明西ふ頭公園,22,サバ,25.0,GRASSMINNOW - ミッドナイトグロウ,晴れ
2650119,2021-10-03 19:53:00+09:00,334832,〆鯖アタル,1150,有明西ふ頭公園,22,サバ,,,晴れ
2653172,2021-10-03 14:51:00+09:00,492069,ハゼング,1150,有明西ふ頭公園,22,サバ,20.0,,晴れ
2645819,2021-10-03 06:37:00+09:00,326679,渋谷のベランダ日和,1150,有明西ふ頭公園,22,サバ,24.0,小さなジグ - 赤キン,晴れ
2646288,2021-10-03 05:30:00+09:00,548920,アングラー8779794,1150,有明西ふ頭公園,22,サバ,24.0,,晴れ
2646498,2021-10-02 17:27:00+09:00,330351,アンぐらあ,1150,有明西ふ頭公園,22,サバ,20.0,METAL GARAGE PLATE VIB 10g - コノシロ,小雨
2643849,2021-10-02 17:08:00+09:00,529016,mgnkt,1150,有明西ふ頭公園,576,サッパ,,,小雨
2641155,2021-10-02 05:11:00+09:00,599843,コケ,1150,有明西ふ頭公園,28,ボラ,20.0,ミニエント57 - イエロー,晴れ
2638700,2021-09-30 21:23:00+09:00,326679,渋谷のベランダ日和,1150,有明西ふ頭公園,2,シーバス,46.0,GRASSMINNOW - ミッドナイトグロウ,小雨
2656019,2021-09-29 23:27:00+09:00,675731,ゲン　,1150,有明西ふ頭公園,576,サッパ,10.0,,晴れ
2656027,2021-09-29 22:13:00+09:00,675731,ゲン　,1150,有明西ふ頭公園,22,サバ,25.0,,晴れ
2629843,2021-09-27 15:18:00+09:00,559138,skyway716,1150,有明西ふ頭公園,456,マサバ,24.0,ベイソールミノー - ライムミント,晴れ
2622499,2021-09-25 23:20:00+09:00,420526,KYOTA,1150,有明西ふ頭公園,969,チヌ,,,曇り
2626534,2021-09-25 17:28:00+09:00,559138,skyway716,1150,有明西ふ頭公園,2,シーバス,32.0,,曇り
2620008,2021-09-24 20:32:00+09:00,326679,渋谷のベランダ日和,1150,有明西ふ頭公園,969,チヌ,23.0,ミニエント - ボトムフィッシュ57s,晴れ
2918768,2021-09-23 16:48:00+09:00,716396,釣り初心者のコイズミ,1150,有明西ふ頭公園,576,サッパ,,,晴れ
2611560,2021-09-23 16:20:00+09:00,442140,夢釣夜,1150,有明西ふ頭公園,207,コショウダイ,9.0,,晴れ
2611462,2021-09-23 15:14:00+09:00,662762,アングラー8235726,1150,有明西ふ頭公園,576,サッパ,,,小雨
2607774,2021-09-23 10:13:00+09:00,404198,つかかず,1150,有明西ふ頭公園,22,サバ,,,晴れ
2597466,2021-09-20 15:00:00+09:00,528687,ひろキング🎣,1150,有明西ふ頭公園,576,サッパ,,,快晴
2596290,2021-09-20 14:15:00+09:00,414696, noronoro,1150,有明西ふ頭公園,576,サッパ,,,快晴
2597193,2021-09-20 07:00:00+09:00,589938,T K K,1150,有明西ふ頭公園,576,サッパ,10.0,,快晴
2595010,2021-09-20 05:30:00+09:00,640289,遠藤ルミコ,1150,有明西ふ頭公園,575,コノシロ,25.0,,晴れ
2597172,2021-09-20 05:00:00+09:00,589938,T K K,1150,有明西ふ頭公園,22,サバ,20.0,,晴れ
2597118,2021-09-20 00:00:00+09:00,589938,T K K,1150,有明西ふ頭公園,22,サバ,20.0,,晴れ
2592979,2021-09-19 19:43:00+09:00,442140,夢釣夜,1150,有明西ふ頭公園,22,サバ,18.0,,快晴
2589208,2021-09-19 08:36:00+09:00,616711,mashi511,1150,有明西ふ頭公園,22,サバ,,,小雨
2857694,2021-09-18 15:12:00+09:00,587131,月6アングラーZ4,1150,有明西ふ頭公園,22,サバ,28.0,,雨
2583787,2021-09-17 14:15:00+09:00,417386,mistral08 ,1150,有明西ふ頭公園,969,チヌ,51.5,,霧
2578766,2021-09-15 18:43:00+09:00,608414,ゲコ太,1150,有明西ふ頭公園,185,クロダイ,,,晴れ
2578565,2021-09-15 17:26:00+09:00,531516,かんたくん,1150,有明西ふ頭公園,576,サッパ,12.0,ルアーマチックmb ,曇り
2567971,2021-09-12 14:49:00+09:00,414696, noronoro,1150,有明西ふ頭公園,576,サッパ,,,小雨
2553312,2021-09-11 15:19:00+09:00,354274,あにか10416,1150,有明西ふ頭公園,570,アカエイ,90.0,サッパの泳がせ,晴れ
2529458,2021-09-06 06:00:00+09:00,640289,遠藤ルミコ,1150,有明西ふ頭公園,457,ゴマサバ,24.0,,曇り
2530504,2021-09-05 21:12:00+09:00,326679,渋谷のベランダ日和,1150,有明西ふ頭公園,2,シーバス,47.0,モアザンリアルスティール - レザーレッドヘッド,曇り
2524405,2021-09-05 05:41:00+09:00,316519,はんぺん,1150,有明西ふ頭公園,22,サバ,25.0,,雨
2493961,2021-08-29 15:00:00+09:00,334832,〆鯖アタル,1150,有明西ふ頭公園,570,アカエイ,40.0,,曇り
2492654,2021-08-29 08:36:00+09:00,548920,アングラー8779794,1150,有明西ふ頭公園,22,サバ,23.0,,晴れ
2489401,2021-08-28 18:39:00+09:00,404198,つかかず,1150,有明西ふ頭公園,22,サバ,,,晴れ
2486839,2021-08-28 10:13:00+09:00,404198,つかかず,1150,有明西ふ頭公園,340,マルタウグイ,,,晴れ
2486834,2021-08-28 10:04:00+09:00,404198,つかかず,1150,有明西ふ頭公園,22,サバ,,,晴れ
2486338,2021-08-28 09:53:00+09:00,597509,アングラー2832346,1150,有明西ふ頭公園,22,サバ,,,晴れ
2524542,2021-08-28 08:24:00+09:00,640289,遠藤ルミコ,1150,有明西ふ頭公園,457,ゴマサバ,20.0,,晴れ
2472037,2021-08-24 07:03:00+09:00,578149,ばやちー,1150,有明西ふ頭公園,570,アカエイ,,,晴れ
2524528,2021-08-20 06:00:00+09:00,640289,遠藤ルミコ,1150,有明西ふ頭公園,457,ゴマサバ,20.0,,晴れ
2524556,2021-08-20 06:00:00+09:00,640289,遠藤ルミコ,1150,有明西ふ頭公園,457,ゴマサバ,20.0,,晴れ
2454517,2021-08-17 08:48:00+09:00,320523,水野ユウキ,1150,有明西ふ頭公園,2,シーバス,35.0,bc16 - アカ,小雨
2439853,2021-08-15 17:00:00+09:00,547528,みなみっち🎣,1150,有明西ふ頭公園,25,カマス,10.0,ボウズのがれサビキ！,曇り
2433273,2021-08-14 17:10:00+09:00,582958,アラサーセタガヤ区民,1150,有明西ふ頭公園,22,サバ,,,曇り
2433267,2021-08-14 16:50:00+09:00,582958,アラサーセタガヤ区民,1150,有明西ふ頭公園,22,サバ,,,曇り
2433265,2021-08-14 16:20:00+09:00,582958,アラサーセタガヤ区民,1150,有明西ふ頭公園,22,サバ,,,曇り
2433345,2021-08-14 16:14:00+09:00,582958,アラサーセタガヤ区民,1150,有明西ふ頭公園,22,サバ,,,曇り
2438942,2021-08-07 20:33:00+09:00,613092,ゆっけ🎣療養中につき、電車釣行,1150,有明西ふ頭公園,575,コノシロ,25.0,,小雨
2407669,2021-08-07 10:32:00+09:00,404198,つかかず,1150,有明西ふ頭公園,575,コノシロ,,,晴れ
2407673,2021-08-07 10:32:00+09:00,404198,つかかず,1150,有明西ふ頭公園,658,ギマ,,,晴れ
2392706,2021-07-31 17:15:00+09:00,334832,〆鯖アタル,1150,有明西ふ頭公園,22,サバ,,,曇り
2379071,2021-07-25 14:35:00+09:00,334832,〆鯖アタル,1150,有明西ふ頭公園,658,ギマ,23.0,,晴れ
2356789,2021-07-17 18:14:00+09:00,420526,KYOTA,1150,有明西ふ頭公園,570,アカエイ,,,晴れ
2354370,2021-07-17 06:30:00+09:00,316519,はんぺん,1150,有明西ふ頭公園,658,ギマ,,,晴れ
2346901,2021-07-14 12:00:00+09:00,430631,おかーちん🦀,1150,有明西ふ頭公園,185,クロダイ,19.0,,小雨
2346900,2021-07-14 11:34:00+09:00,430631,おかーちん🦀,1150,有明西ふ頭公園,975,キビレ,30.0,,小雨
2346897,2021-07-14 11:15:00+09:00,430631,おかーちん🦀,1150,有明西ふ頭公園,658,ギマ,30.0,,小雨
2346892,2021-07-14 10:47:00+09:00,430631,おかーちん🦀,1150,有明西ふ頭公園,185,クロダイ,32.0,,小雨
2524656,2021-07-13 06:00:00+09:00,640289,遠藤ルミコ,1150,有明西ふ頭公園,539,カタクチイワシ,12.0,,小雨
2336745,2021-07-10 17:08:00+09:00,529016,mgnkt,1150,有明西ふ頭公園,539,カタクチイワシ,,,小雨
2336536,2021-07-10 16:45:00+09:00,413232,やまこす,1150,有明西ふ頭公園,539,カタクチイワシ,,,小雨
2333135,2021-07-09 17:03:00+09:00,330351,アンぐらあ,1150,有明西ふ頭公園,793,フッコ（マルスズキ）,42.0,ZIPPY 80S - 限定クリアカラー,小雨
2314281,2021-06-29 20:21:00+09:00,480344,ロータツ,1150,有明西ふ頭公園,539,カタクチイワシ,10.0,,曇り
2304928,2021-06-26 21:08:00+09:00,420526,KYOTA,1150,有明西ふ頭公園,2,シーバス,,,晴れ
2306874,2021-06-26 17:26:00+09:00,420526,KYOTA,1150,有明西ふ頭公園,570,アカエイ,,,晴れ
2295717,2021-06-23 13:54:00+09:00,404199,おたつさん,1150,有明西ふ頭公園,576,サッパ,10.0,,小雨
2295657,2021-06-23 12:50:00+09:00,404199,おたつさん,1150,有明西ふ頭公園,658,ギマ,29.0,,小雨
2292632,2021-06-21 20:15:00+09:00,466566,バイクで釣り女,1150,有明西ふ頭公園,793,フッコ（マルスズキ）,50.0,,晴れ
2289282,2021-06-20 19:40:00+09:00,420526,KYOTA,1150,有明西ふ頭公園,570,アカエイ,,,晴れ
2289083,2021-06-20 16:50:00+09:00,420526,KYOTA,1150,有明西ふ頭公園,570,アカエイ,,,晴れ
2271468,2021-06-13 16:18:00+09:00,334832,〆鯖アタル,1150,有明西ふ頭公園,658,ギマ,29.0,,晴れ
2271200,2021-06-13 14:57:00+09:00,334832,〆鯖アタル,1150,有明西ふ頭公園,658,ギマ,28.0,,晴れ
2227452,2021-05-29 04:50:00+09:00,502028,まぁぁ,1150,有明西ふ頭公園,1538,シモフリシマハゼ,,,
2220721,2021-05-25 20:25:00+09:00,372525,ツリラボ,1150,有明西ふ頭公園,38,イワシ,12.0,,快晴
2183764,2021-05-09 18:58:00+09:00,354274,あにか10416,1150,有明西ふ頭公園,539,カタクチイワシ,,サビキ,晴れ
2170839,2021-05-04 17:30:00+09:00,388691,one oku Flavor,1150,有明西ふ頭公園,539,カタクチイワシ,7.0,,晴れ
2191036,2021-05-03 19:30:00+09:00,428475,ずみーま,1150,有明西ふ頭公園,2,シーバス,30.0,エリア10 - アカキン,晴れ
2149562,2021-04-26 09:30:00+09:00,480344,ロータツ,1150,有明西ふ頭公園,19,ハゼ,10.0,,快晴
2221457,2021-04-25 06:49:00+09:00,421078,うっかりアングラー,1150,有明西ふ頭公園,575,コノシロ,,,曇り
2143117,2021-04-24 18:54:00+09:00,495467,劉,1150,有明西ふ頭公園,804,セイゴ（ヒラスズキ）,,,曇り
2137996,2021-04-23 04:35:00+09:00,368546,としろー,1150,有明西ふ頭公園,14,カサゴ,24.0,,晴れ
2127683,2021-04-17 04:34:00+09:00,368546,としろー,1150,有明西ふ頭公園,7,メバル,,,曇り
2118957,2021-04-11 15:54:00+09:00,330351,アンぐらあ,1150,有明西ふ頭公園,793,フッコ（マルスズキ）,43.0,METAL GARAGE PLATE VIB 15g - コノシロ,晴れ
2106399,2021-04-04 03:15:00+09:00,446498,へちぼうず,1150,有明西ふ頭公園,185,クロダイ,27.0,,晴れ
2104077,2021-04-03 17:19:00+09:00,354274,あにか10416,1150,有明西ふ頭公園,19,ハゼ,11.0,えさ - 青イソメ,晴れ
2103968,2021-04-03 16:42:00+09:00,354274,あにか10416,1150,有明西ふ頭公園,19,ハゼ,9.0,えさ - 青イソメ,晴れ
2103783,2021-04-03 15:04:00+09:00,354274,あにか10416,1150,有明西ふ頭公園,19,ハゼ,10.0,えさ - 青イソメ,晴れ
2103683,2021-04-03 14:18:00+09:00,354274,あにか10416,1150,有明西ふ頭公園,19,ハゼ,10.0,えさ - 青イソメ,晴れ
2092663,2021-03-27 19:56:00+09:00,402991,ヤムムン(手長海老師コウ・カクルイ🦐🦀),1150,有明西ふ頭公園,811,セイゴ（タイリクスズキ）,45.0,,曇り
2085696,2021-03-22 15:59:00+09:00,413232,やまこす,1150,有明西ふ頭公園,19,ハゼ,10.0,,晴れ
2085742,2021-03-22 00:00:00+09:00,484408,どぬどぬ,1150,有明西ふ頭公園,19,ハゼ,18.0,,小雨
2084620,2021-03-20 17:37:00+09:00,341454,あんぐり,1150,有明西ふ頭公園,37,カレイ,28.0,,曇り
2075005,2021-03-14 17:16:00+09:00,453691,ブラさん,1150,有明西ふ頭公園,19,ハゼ,17.0,,小雨
2091528,2021-03-12 23:55:00+09:00,491435,釣ってんじゃない!釣られてるんだ！,1150,有明西ふ頭公園,796,セイゴ（マルスズキ）,25.0,ミノー - クリア,曇り
2055040,2021-02-27 09:35:00+09:00,454674,オカッパgaパリdeオカッパリ,1150,有明西ふ頭公園,16,コチ,15.0,,晴れ
2051154,2021-02-23 12:48:00+09:00,354274,あにか10416,1150,有明西ふ頭公園,19,ハゼ,10.0,えさ - 青イソメ,晴れ
2047095,2021-02-20 19:37:00+09:00,447838,陽&耀,1150,有明西ふ頭公園,19,ハゼ,,,快晴
2047033,2021-02-20 17:20:00+09:00,444919,ゴッツ坊主,1150,有明西ふ頭公園,19,ハゼ,19.0,,晴れ
2047091,2021-02-11 15:30:00+09:00,447838,陽&耀,1150,有明西ふ頭公園,19,ハゼ,,,晴れ
2027009,2021-02-09 14:39:00+09:00,406409,RYOssan(リョウ),1150,有明西ふ頭公園,19,ハゼ,19.0,,晴れ
2021286,2021-02-04 19:00:00+09:00,444919,ゴッツ坊主,1150,有明西ふ頭公園,19,ハゼ,20.0,,晴れ
2021203,2021-02-04 15:18:00+09:00,444919,ゴッツ坊主,1150,有明西ふ頭公園,19,ハゼ,18.0,,晴れ
2019240,2021-02-01 18:46:00+09:00,379593,アングラー8670212,1150,有明西ふ頭公園,19,ハゼ,17.0,,晴れ
2008098,2021-01-22 16:25:00+09:00,404198,つかかず,1150,有明西ふ頭公園,370,マハゼ,,,晴れ
1996925,2021-01-16 08:40:00+09:00,448662,IgnorantCoder,1150,有明西ふ頭公園,374,チチブ,5.0,,快晴
1990758,2021-01-11 17:50:00+09:00,354274,あにか10416,1150,有明西ふ頭公園,19,ハゼ,17.0,えさ - 青イソメ,晴れ
1990712,2021-01-11 17:31:00+09:00,354274,あにか10416,1150,有明西ふ頭公園,19,ハゼ,19.0,えさ - 青イソメ,晴れ
1990689,2021-01-11 17:20:00+09:00,354274,あにか10416,1150,有明西ふ頭公園,19,ハゼ,16.0,えさ - 青イソメ,晴れ
1990646,2021-01-11 16:48:00+09:00,354274,あにか10416,1150,有明西ふ頭公園,19,ハゼ,10.0,えさ - 青イソメ,晴れ
1990630,2021-01-11 16:40:00+09:00,354274,あにか10416,1150,有明西ふ頭公園,19,ハゼ,18.5,えさ - 青イソメ,晴れ
1990601,2021-01-11 16:01:00+09:00,354274,あにか10416,1150,有明西ふ頭公園,754,タイワンガザミ,28.0,えさ - 青イソメ,晴れ
1990565,2021-01-11 15:22:00+09:00,354274,あにか10416,1150,有明西ふ頭公園,19,ハゼ,9.5,えさ - 青イソメ,晴れ
1990538,2021-01-11 14:49:00+09:00,354274,あにか10416,1150,有明西ふ頭公園,19,ハゼ,15.0,えさ - 青イソメ,曇り
1990486,2021-01-11 14:10:00+09:00,354274,あにか10416,1150,有明西ふ頭公園,37,カレイ,22.0,えさ - 青イソメ,曇り
1988046,2021-01-09 20:02:00+09:00,420526,KYOTA,1150,有明西ふ頭公園,19,ハゼ,,,晴れ
1988061,2021-01-09 19:38:00+09:00,420526,KYOTA,1150,有明西ふ頭公園,78,カニ,,,晴れ
1990900,2021-01-09 16:35:00+09:00,444919,ゴッツ坊主,1150,有明西ふ頭公園,37,カレイ,40.0,,快晴
1978936,2021-01-02 18:26:00+09:00,354274,あにか10416,1150,有明西ふ頭公園,19,ハゼ,18.0,えさ - 青イソメ,晴れ
1978922,2021-01-02 18:12:00+09:00,354274,あにか10416,1150,有明西ふ頭公園,19,ハゼ,18.0,えさ - 青イソメ,晴れ
1978850,2021-01-02 17:21:00+09:00,354274,あにか10416,1150,有明西ふ頭公園,19,ハゼ,18.0,えさ - 青イソメ,晴れ
1978836,2021-01-02 17:11:00+09:00,354274,あにか10416,1150,有明西ふ頭公園,19,ハゼ,9.0,ブラー - 赤,晴れ
1978800,2021-01-02 16:35:00+09:00,354274,あにか10416,1150,有明西ふ頭公園,19,ハゼ,6.0,えさ - 青イソメ,晴れ
1978732,2021-01-02 15:41:00+09:00,354274,あにか10416,1150,有明西ふ頭公園,19,ハゼ,10.0,ブラー - 赤,晴れ
1976249,2020-12-31 16:48:00+09:00,354274,あにか10416,1150,有明西ふ頭公園,19,ハゼ,16.0,えさ - 青イソメ,晴れ
1973219,2020-12-29 08:05:00+09:00,402675,Kooo,1150,有明西ふ頭公園,370,マハゼ,18.0,,快晴
1968616,2020-12-26 19:20:00+09:00,168307,いもむし,1150,有明西ふ頭公園,2,シーバス,, ペンシルベイト ストーム フラッタースティック マッドフラッシュ - グローゴーストクリアキャンディ,晴れ
1976605,2020-12-12 16:20:00+09:00,420526,KYOTA,1150,有明西ふ頭公園,2,シーバス,,,晴れ
1976622,2020-12-06 15:01:00+09:00,420526,KYOTA,1150,有明西ふ頭公園,22,サバ,,,晴れ
1976589,2020-11-28 16:22:00+09:00,420526,KYOTA,1150,有明西ふ頭公園,12,アジ,,,晴れ
1929216,2020-11-25 17:34:00+09:00,406682,カカロ,1150,有明西ふ頭公園,2,シーバス,75.0,コノシロ,曇り
1927540,2020-11-23 18:30:00+09:00,406682,カカロ,1150,有明西ふ頭公園,22,サバ,25.0,カタクチイワシ,晴れ
1926607,2020-11-23 17:08:00+09:00,404326,パサ男,1150,有明西ふ頭公園,25,カマス,35.0,vj16 - ピンク,晴れ
1919150,2020-11-20 13:24:00+09:00,406409,RYOssan(リョウ),1150,有明西ふ頭公園,576,サッパ,,,晴れ
2086092,2020-11-16 06:33:00+09:00,447936,"M,brothers",1150,有明西ふ頭公園,913,ワラサ,60.0,,晴れ
1907922,2020-11-14 06:54:00+09:00,281496,サジサン,1150,有明西ふ頭公園,2,シーバス,35.0,,快晴
1906290,2020-11-13 06:00:00+09:00,404198,つかかず,1150,有明西ふ頭公園,575,コノシロ,,,晴れ
1918125,2020-11-11 18:05:00+09:00,226815,tkb,1150,有明西ふ頭公園,18,タチウオ,,,晴れ
1901783,2020-11-10 12:57:00+09:00,406409,RYOssan(リョウ),1150,有明西ふ頭公園,575,コノシロ,24.0,,晴れ
1901014,2020-11-09 16:00:00+09:00,406544,アングラー1562977,1150,有明西ふ頭公園,12,アジ,10.0,,晴れ
1896213,2020-11-07 18:55:00+09:00,351671,カクレ,1150,有明西ふ頭公園,22,サバ,,,晴れ
1894355,2020-11-07 02:45:00+09:00,618963,Gin(ジン),1150,有明西ふ頭公園,25,カマス,25.0,VJ-16 - ライムグリーン,晴れ
1914029,2020-11-06 03:14:00+09:00,397361,み〜ざま,1150,有明西ふ頭公園,575,コノシロ,70.0,,晴れ
1890989,2020-11-04 18:49:00+09:00,283444,なりちゃん,1150,有明西ふ頭公園,18,タチウオ,,,晴れ
1890626,2020-11-04 18:43:00+09:00,413191,アングラーボス,1150,有明西ふ頭公園,18,タチウオ,93.0,,晴れ
1903109,2020-11-03 19:29:00+09:00,409080,アングラー5566,1150,有明西ふ頭公園,38,イワシ,5.0,,小雨
1888551,2020-11-03 17:24:00+09:00,354274,あにか10416,1150,有明西ふ頭公園,185,クロダイ,19.0,,曇り
1890692,2020-11-03 17:22:00+09:00,281496,サジサン,1150,有明西ふ頭公園,2,シーバス,45.0,,曇り
1888316,2020-11-03 15:37:00+09:00,354274,あにか10416,1150,有明西ふ頭公園,22,サバ,24.0,,曇り
1888184,2020-11-03 15:01:00+09:00,354274,あにか10416,1150,有明西ふ頭公園,575,コノシロ,15.0,サビキ,曇り
1888326,2020-11-03 07:00:00+09:00,412108,大門(だいもん),1150,有明西ふ頭公園,576,サッパ,10.0,,小雨
1887791,2020-11-03 05:45:00+09:00,331327,一角獣,1150,有明西ふ頭公園,2,シーバス,44.0,,曇り
1886829,2020-11-02 19:08:00+09:00,353477,mame0128,1150,有明西ふ頭公園,2,シーバス,46.0,sasuke 120sf 烈波 - レッドヘッドパール,霧
1886825,2020-11-02 18:54:00+09:00,353477,mame0128,1150,有明西ふ頭公園,2,シーバス,43.0,sasuke 120sf 烈波 - レッドヘッドパール,霧
1885099,2020-11-01 21:50:00+09:00,262451,YG,1150,有明西ふ頭公園,18,タチウオ,120.0,VJ16 - チャート,晴れ
1885181,2020-11-01 17:52:00+09:00,404326,パサ男,1150,有明西ふ頭公園,2,シーバス,50.0,ジグパラマイクロ - 蓄光,晴れ
1884041,2020-11-01 17:11:00+09:00,71238,こば,1150,有明西ふ頭公園,2,シーバス,48.0,VJ-28 - ピンクヘッド,曇り
1881364,2020-10-31 19:25:00+09:00,404326,パサ男,1150,有明西ふ頭公園,2,シーバス,40.0,ジグパラマイクロ - 蓄光,快晴
1881591,2020-10-31 08:00:00+09:00,281496,サジサン,1150,有明西ふ頭公園,2,シーバス,,,快晴
1876499,2020-10-28 18:05:00+09:00,326679,渋谷のベランダ日和,1150,有明西ふ頭公園,48,エイ,,,晴れ
1873714,2020-10-27 16:30:00+09:00,218081,アングラー9892452,1150,有明西ふ頭公園,22,サバ,25.0,,小雨
2254304,2020-10-26 15:17:00+09:00,529016,mgnkt,1150,有明西ふ頭公園,575,コノシロ,,,晴れ
1870345,2020-10-25 10:00:00+09:00,382974,テイテイ大佐,1150,有明西ふ頭公園,576,サッパ,,,晴れ
1870305,2020-10-25 07:00:00+09:00,397072,87da,1150,有明西ふ頭公園,576,サッパ,,,快晴
2035823,2020-10-24 20:45:00+09:00,461131,Kobatatsu ,1150,有明西ふ頭公園,570,アカエイ,,,小雨
1866737,2020-10-24 17:32:00+09:00,404198,つかかず,1150,有明西ふ頭公園,25,カマス,36.0,,曇り
1867278,2020-10-24 15:00:00+09:00,397072,87da,1150,有明西ふ頭公園,576,サッパ,,,晴れ
1877802,2020-10-22 18:57:00+09:00,411823,Gratri-w,1150,有明西ふ頭公園,2,シーバス,48.0,,小雨
1862164,2020-10-21 18:40:00+09:00,351671,カクレ,1150,有明西ふ頭公園,575,コノシロ,,,晴れ
1861413,2020-10-21 17:25:00+09:00,353477,mame0128,1150,有明西ふ頭公園,456,マサバ,,アオイソメ,晴れ
1861473,2020-10-21 17:25:00+09:00,353477,mame0128,1150,有明西ふ頭公園,293,マアジ,,アオイソメ,晴れ
2069901,2020-10-21 15:51:00+09:00,468471,ゴーゴー@隅田川旧江戸川,1150,有明西ふ頭公園,2,シーバス,60.0,マキッパ10g - Aji,晴れ
1861596,2020-10-21 15:24:00+09:00,351671,カクレ,1150,有明西ふ頭公園,2,シーバス,63.0,ジグ20g - グリーン,晴れ
1861135,2020-10-21 11:50:00+09:00,404199,おたつさん,1150,有明西ふ頭公園,2,シーバス,82.0,,晴れ
1857380,2020-10-18 20:43:00+09:00,334832,〆鯖アタル,1150,有明西ふ頭公園,57,サヨリ,,,曇り
1877805,2020-10-18 17:34:00+09:00,411823,Gratri-w,1150,有明西ふ頭公園,2,シーバス,42.0,,晴れ
1912480,2020-10-18 17:32:00+09:00,850092,てるさん,1150,有明西ふ頭公園,2,シーバス,45.0,ローリングベイト,晴れ
1912481,2020-10-18 17:18:00+09:00,850092,てるさん,1150,有明西ふ頭公園,575,コノシロ,3.0,サビキ(コマセ無し),晴れ
1912502,2020-10-18 16:52:00+09:00,850092,てるさん,1150,有明西ふ頭公園,575,コノシロ,3.0,エアオグル - コノシロ,晴れ
2254299,2020-10-18 13:51:00+09:00,529016,mgnkt,1150,有明西ふ頭公園,575,コノシロ,,,快晴
1854048,2020-10-18 04:30:00+09:00,378841,いいとも,1150,有明西ふ頭公園,12,アジ,15.0,,晴れ
1851653,2020-10-17 00:17:00+09:00,326679,渋谷のベランダ日和,1150,有明西ふ頭公園,2,シーバス,68.0,モアザン　リアルスティール - 不夜城,曇り
1851667,2020-10-17 00:17:00+09:00,326679,渋谷のベランダ日和,1150,有明西ふ頭公園,969,チヌ,36.0,モアザン　リアルスティール - 不夜城,曇り
1844542,2020-10-12 17:52:00+09:00,401890,中じ,1150,有明西ふ頭公園,22,サバ,,,霧
1842755,2020-10-11 17:40:00+09:00,382974,テイテイ大佐,1150,有明西ふ頭公園,796,セイゴ（マルスズキ）,25.0,,晴れ
1840526,2020-10-11 01:45:00+09:00,326679,渋谷のベランダ日和,1150,有明西ふ頭公園,2,シーバス,61.0,シーバスハンターⅢ  s - イワシ,小雨
1836433,2020-10-07 21:34:00+09:00,326679,渋谷のベランダ日和,1150,有明西ふ頭公園,2,シーバス,42.0,シャロール - レインボーパール,曇り
1837233,2020-10-07 05:45:00+09:00,253623,ちょこち,1150,有明西ふ頭公園,796,セイゴ（マルスズキ）,28.0,,晴れ
1830260,2020-10-04 15:30:00+09:00,376467,小魚専科パンケーキ〆,1150,有明西ふ頭公園,576,サッパ,,,晴れ
1829125,2020-10-04 09:00:00+09:00,376467,小魚専科パンケーキ〆,1150,有明西ふ頭公園,1316,コハダ,10.0,,晴れ
1828968,2020-10-04 06:32:00+09:00,378841,いいとも,1150,有明西ふ頭公園,12,アジ,15.0,,晴れ
1816154,2020-09-27 20:35:00+09:00,353477,mame0128,1150,有明西ふ頭公園,2,シーバス,20.0,RJ-7,小雨
1814268,2020-09-27 11:52:00+09:00,333878,Bob35,1150,有明西ふ頭公園,575,コノシロ,,サビキ,晴れ
1814235,2020-09-27 09:03:00+09:00,333878,Bob35,1150,有明西ふ頭公園,22,サバ,,サビキ,晴れ
1813427,2020-09-27 05:30:00+09:00,378841,いいとも,1150,有明西ふ頭公園,12,アジ,15.0,,曇り
1795074,2020-09-19 17:25:00+09:00,281496,サジサン,1150,有明西ふ頭公園,2,シーバス,50.0,,小雨
1795049,2020-09-19 09:02:00+09:00,281496,サジサン,1150,有明西ふ頭公園,2,シーバス,30.0,,曇り
1766781,2020-09-03 17:25:00+09:00,302183,JACCARA,1150,有明西ふ頭公園,18,タチウオ,30.0,,小雨
1749946,2020-08-24 09:30:00+09:00,342725,Vegasblue,1150,有明西ふ頭公園,12,アジ,10.0,,晴れ
1714823,2020-08-07 22:24:00+09:00,376633,メジナ♡ˡºᵛᵉゆめかわいいアイドル,1150,有明西ふ頭公園,975,キビレ,,,晴れ
1702585,2020-08-01 14:54:00+09:00,334832,〆鯖アタル,1150,有明西ふ頭公園,340,マルタウグイ,55.0,,晴れ
1701762,2020-08-01 08:00:00+09:00,378841,いいとも,1150,有明西ふ頭公園,576,サッパ,15.0,,晴れ
1676107,2020-07-18 06:00:00+09:00,281496,サジサン,1150,有明西ふ頭公園,2,シーバス,62.0,ビックバッカーメタルバイブ - イワシ,雨
1666769,2020-07-12 13:37:00+09:00,354274,あにか10416,1150,有明西ふ頭公園,658,ギマ,23.0,えさ - 青イソメ,小雨
1666597,2020-07-12 12:02:00+09:00,354274,あにか10416,1150,有明西ふ頭公園,19,ハゼ,9.0,えさ - 青イソメ,小雨
1666479,2020-07-12 11:08:00+09:00,354274,あにか10416,1150,有明西ふ頭公園,658,ギマ,22.0,えさ - 青イソメ,曇り
1656258,2020-07-05 10:53:00+09:00,354274,あにか10416,1150,有明西ふ頭公園,658,ギマ,24.0,えさ - 青イソメ,晴れ
1656190,2020-07-05 10:35:00+09:00,354274,あにか10416,1150,有明西ふ頭公園,658,ギマ,26.0,えさ - 青イソメ,晴れ
1656188,2020-07-05 10:34:00+09:00,354274,あにか10416,1150,有明西ふ頭公園,658,ギマ,27.0,えさ - 青イソメ,晴れ
1656187,2020-07-05 10:33:00+09:00,354274,あにか10416,1150,有明西ふ頭公園,658,ギマ,25.0,えさ - 青イソメ,晴れ
1656147,2020-07-05 10:18:00+09:00,354274,あにか10416,1150,有明西ふ頭公園,658,ギマ,25.0,えさ - 青イソメ,晴れ
1656102,2020-07-05 09:57:00+09:00,354274,あにか10416,1150,有明西ふ頭公園,658,ギマ,25.0,えさ - 青イソメ,晴れ
1655816,2020-07-05 07:54:00+09:00,354274,あにか10416,1150,有明西ふ頭公園,658,ギマ,29.0,えさ - 青イソメ,晴れ
1657768,2020-06-28 09:07:00+09:00,294345,アトモス,1150,有明西ふ頭公園,185,クロダイ,36.0,,雷雨
1633529,2020-06-21 12:30:00+09:00,354274,あにか10416,1150,有明西ふ頭公園,658,ギマ,27.0,えさ - ジャリメ,小雨
1633432,2020-06-21 11:44:00+09:00,354274,あにか10416,1150,有明西ふ頭公園,658,ギマ,25.0,えさ - ジャリメ,小雨
1632739,2020-06-21 07:43:00+09:00,354274,あにか10416,1150,有明西ふ頭公園,340,マルタウグイ,50.0,,小雨
1607274,2020-06-06 17:46:00+09:00,334832,〆鯖アタル,1150,有明西ふ頭公園,658,ギマ,25.0,,小雨
1606731,2020-06-06 08:35:00+09:00,309369,くまモン0202,1150,有明西ふ頭公園,658,ギマ,28.0,,晴れ
1669349,2020-06-04 12:30:00+09:00,380936,T&C,1150,有明西ふ頭公園,2,シーバス,53.0,,晴れ
1597690,2020-05-31 18:32:00+09:00,281496,サジサン,1150,有明西ふ頭公園,575,コノシロ,20.0,,晴れ
1531344,2020-04-12 15:50:00+09:00,354274,あにか10416,1150,有明西ふ頭公園,19,ハゼ,,,曇り
1522695,2020-04-05 15:28:00+09:00,354274,あにか10416,1150,有明西ふ頭公園,370,マハゼ,10.0,,霧
1504597,2020-03-20 18:13:00+09:00,326679,渋谷のベランダ日和,1150,有明西ふ頭公園,2,シーバス,40.0,シーバスハンターⅢ  s - イワシ,晴れ
1492811,2020-03-07 15:44:00+09:00,331327,一角獣,1150,有明西ふ頭公園,37,カレイ,32.0,,曇り
1491508,2020-03-01 15:10:00+09:00,331327,一角獣,1150,有明西ふ頭公園,37,カレイ,40.0,,晴れ
2858687,2020-01-27 13:55:00+09:00,587131,月6アングラーZ4,1150,有明西ふ頭公園,2,シーバス,,,霧
1443804,2020-01-05 02:32:00+09:00,294345,アトモス,1150,有明西ふ頭公園,14,カサゴ,21.0,,小雨
1433494,2019-12-29 19:17:00+09:00,334832,〆鯖アタル,1150,有明西ふ頭公園,804,セイゴ（ヒラスズキ）,,,曇り
1426414,2019-12-21 18:59:00+09:00,334832,〆鯖アタル,1150,有明西ふ頭公園,804,セイゴ（ヒラスズキ）,,,曇り
1424733,2019-12-19 01:07:00+09:00,294345,アトモス,1150,有明西ふ頭公園,185,クロダイ,34.0,,曇り
1424731,2019-12-19 00:51:00+09:00,294345,アトモス,1150,有明西ふ頭公園,796,セイゴ（マルスズキ）,18.0,,曇り
1479253,2019-12-15 16:07:00+09:00,347160,やまにい,1150,有明西ふ頭公園,796,セイゴ（マルスズキ）,40.0,鉄板バイブ20g - ピンクイワシ,快晴
1420178,2019-12-14 19:24:00+09:00,326679,渋谷のベランダ日和,1150,有明西ふ頭公園,2,シーバス,35.0,ワーム - 夜光,晴れ
1419768,2019-12-14 18:29:00+09:00,197588,schreck,1150,有明西ふ頭公園,2,シーバス,32.0,,晴れ
1409649,2019-11-30 22:01:00+09:00,333758,ゆきパパ,1150,有明西ふ頭公園,2,シーバス,30.0,サイレントアサシン,晴れ
2134600,2019-11-30 14:16:00+09:00,375334,ししお,1150,有明西ふ頭公園,920,イナダ,,,快晴
1399862,2019-11-24 18:35:00+09:00,326679,渋谷のベランダ日和,1150,有明西ふ頭公園,2,シーバス,32.0,シラスジグII - イワシ,晴れ
1392344,2019-11-18 17:48:00+09:00,326679,渋谷のベランダ日和,1150,有明西ふ頭公園,2,シーバス,35.0,バイブレーション - イワシカラー,晴れ
1389440,2019-11-16 19:54:00+09:00,326679,渋谷のベランダ日和,1150,有明西ふ頭公園,2,シーバス,32.0,バイブレーション - イワシカラー,晴れ
1389094,2019-11-16 18:19:00+09:00,322895,2525,1150,有明西ふ頭公園,2,シーバス,35.0,koume 70 - コットンキャンディー,晴れ
